route_distance_km,planned_transit_days,customs_complexity_score,weather_risk_score,historical_route_delay_rate,cargo_value_usd,port_congestion_score,shipment_mode,carrier_type,origin_region,destination_region,shipment_priority,is_delayed
3699.2,2.96,5.123,6.406,0.2539,7158.57,2.132,road,low_cost,Asia,Europe,high,1
3394.6,2.35,0.658,0.778,0.1592,24343.8,3.962,road,standard,Asia,Europe,critical,0
8065.7,5.9,5.386,6.95,0.5371,913.43,6.419,sea,low_cost,MENA,MENA,low,1
6468.7,3.78,3.181,3.765,0.1843,70493.95,2.364,air,low_cost,Africa,Africa,low,1
4032.8,4.45,2.739,2.302,0.1709,88341.7,5.145,rail,low_cost,MENA,Asia,normal,1
147.3,1.0,3.519,3.686,0.2695,10790.57,1.76,road,low_cost,Africa,Africa,low,0
4464.2,3.07,0.206,6.692,0.144,1410.43,1.049,sea,standard,Asia,MENA,low,1
2072.4,1.0,2.06,7.266,0.0693,5488.55,1.115,air,standard,Asia,Asia,normal,0
2853.0,1.0,1.857,2.304,0.3118,9482.63,0.923,rail,premium,MENA,Africa,low,0
1222.3,1.0,2.732,1.786,0.2957,2164.91,3.437,sea,low_cost,Africa,Asia,high,1
1940.9,2.23,4.095,1.916,0.1033,4533.72,4.051,road,low_cost,Africa,MENA,high,1
1354.3,1.72,3.142,5.357,0.4695,2278.66,3.206,road,standard,Asia,Europe,critical,1
1980.5,2.34,3.472,4.559,0.4413,27867.95,2.963,sea,low_cost,Africa,Africa,normal,1
4907.7,2.53,0.438,3.422,0.2821,29808.29,0.913,air,low_cost,MENA,Africa,normal,0
1385.1,2.05,1.938,1.86,0.2887,27011.24,1.411,sea,low_cost,Asia,Africa,normal,0
1837.8,2.18,2.422,1.465,0.0851,12626.5,0.773,sea,low_cost,Asia,Asia,normal,0
1098.5,2.18,3.323,2.273,0.1445,2389.85,2.073,road,low_cost,Europe,MENA,normal,1
1345.0,1.0,2.013,1.958,0.0913,4047.29,0.23,air,low_cost,Asia,MENA,low,0
2570.8,2.13,4.511,2.107,0.2444,1243.43,3.755,air,standard,MENA,Africa,low,1
1052.5,1.0,4.762,8.016,0.2019,14185.03,7.654,road,standard,Europe,Asia,normal,1
1474.5,1.23,5.224,1.317,0.3491,15919.95,1.482,air,standard,Europe,Europe,normal,1
4530.1,2.08,4.551,0.949,0.2124,15806.47,3.165,rail,standard,Europe,Africa,low,1
6928.7,3.24,1.106,0.968,0.1429,2394.58,2.118,road,low_cost,Europe,Africa,normal,0
1493.8,2.8,3.983,3.413,0.159,5260.33,2.008,road,standard,Asia,MENA,normal,1
5477.1,3.53,0.779,2.71,0.2815,8069.5,3.998,sea,low_cost,Africa,Asia,normal,1
3680.7,1.84,1.397,1.093,0.4004,712.16,3.11,sea,standard,Africa,MENA,normal,1
2567.6,3.25,1.642,1.47,0.5493,1277.81,0.451,road,standard,Asia,MENA,low,1
2387.5,1.22,2.064,2.106,0.439,1933.56,2.471,air,low_cost,Africa,Africa,low,1
1098.3,1.0,5.09,3.986,0.0656,1508.59,4.62,sea,standard,Africa,Africa,low,1
2613.4,2.28,3.5,2.455,0.1659,8970.57,4.559,air,standard,Europe,Africa,low,1
3403.5,1.94,5.104,0.923,0.2635,685.26,5.087,road,premium,Africa,Europe,normal,1
2864.8,3.6,5.977,1.089,0.6982,7475.15,2.374,road,low_cost,Africa,Asia,low,1
1076.5,1.21,2.645,0.976,0.5242,2156.21,5.234,sea,low_cost,Africa,Africa,low,1
2231.5,1.0,3.851,1.659,0.1525,6704.47,4.056,sea,low_cost,Africa,Europe,high,1
6532.1,5.67,3.882,7.459,0.2874,8272.63,3.196,sea,low_cost,Africa,MENA,low,1
388.1,1.0,2.198,4.438,0.3315,5953.72,0.715,road,standard,Europe,Africa,high,1
2287.8,1.0,2.801,1.191,0.3432,3240.5,4.266,air,low_cost,MENA,Europe,critical,1
5139.0,3.58,0.434,4.39,0.4427,3597.05,4.408,air,low_cost,Africa,Asia,normal,1
6130.9,6.48,7.899,0.752,0.4002,6377.36,3.037,air,low_cost,Africa,Europe,high,1
1651.2,2.18,2.349,2.705,0.1119,4718.23,4.042,air,low_cost,Europe,Asia,high,0
2253.0,3.66,5.253,2.242,0.2719,4601.82,6.204,sea,low_cost,MENA,Africa,low,1
1465.3,1.0,1.721,5.614,0.1488,928.89,1.171,air,low_cost,Europe,Europe,normal,0
595.4,1.86,2.778,9.433,0.2621,1688.25,4.538,sea,low_cost,Asia,MENA,normal,1
4535.3,3.98,1.745,4.457,0.1093,1854.66,4.169,air,standard,Africa,Europe,normal,1
4363.3,4.47,1.97,3.784,0.2536,9640.05,0.921,air,low_cost,Europe,MENA,normal,1
7370.8,6.16,3.892,3.145,0.227,27225.67,0.272,sea,standard,Asia,Africa,low,1
1465.3,1.0,4.374,4.777,0.1446,5031.49,6.636,sea,standard,MENA,Asia,high,1
2241.0,2.81,2.824,1.7,0.2359,10960.67,3.37,air,low_cost,Europe,Asia,normal,1
1811.2,1.45,3.789,4.567,0.1261,23009.39,1.086,rail,low_cost,Africa,Asia,normal,1
1579.1,2.89,2.622,1.599,0.0443,945.52,3.023,rail,low_cost,MENA,Asia,normal,0
2294.0,1.0,2.399,2.992,0.2762,1572.02,4.653,air,low_cost,MENA,Asia,normal,1
1796.5,4.89,0.92,4.97,0.2462,1172.36,2.93,sea,standard,MENA,MENA,normal,1
1565.9,2.03,0.987,4.263,0.2107,4949.8,4.896,road,low_cost,MENA,Africa,critical,1
6377.7,4.21,3.396,3.591,0.482,6844.71,1.613,sea,standard,Africa,Europe,high,1
917.0,1.08,4.168,3.857,0.0772,4178.81,2.389,air,low_cost,MENA,Asia,high,1
5541.0,3.43,1.623,2.899,0.2952,2399.98,4.335,air,low_cost,Asia,Europe,high,1
973.1,1.0,4.234,2.796,0.081,984.28,0.428,road,low_cost,Asia,Asia,normal,0
6310.9,5.2,4.232,3.337,0.3301,130.01,0.776,rail,low_cost,Asia,Europe,normal,1
787.2,1.0,3.694,2.633,0.225,29880.84,5.075,air,low_cost,Europe,MENA,high,1
2712.2,4.53,1.372,0.831,0.2451,2815.4,1.32,road,low_cost,Africa,Africa,normal,0
1107.3,2.84,4.748,2.077,0.2092,737.65,1.836,road,low_cost,MENA,Europe,low,1
3501.8,1.11,1.802,0.519,0.0842,14597.61,4.397,road,low_cost,Asia,Africa,low,0
6220.6,4.63,2.067,4.04,0.347,690.39,4.47,sea,standard,Africa,Asia,critical,1
4133.6,1.33,5.704,1.769,0.1128,7654.89,3.208,rail,low_cost,MENA,MENA,normal,1
1371.0,1.4,5.205,1.731,0.1874,1891.11,1.844,sea,standard,Europe,Europe,normal,1
1312.3,1.75,3.338,1.062,0.5961,13499.33,4.064,air,low_cost,Asia,Africa,critical,1
2163.2,1.0,4.259,6.738,0.5178,16559.42,4.854,air,low_cost,Asia,Africa,normal,1
6842.2,6.29,4.621,2.894,0.1647,1119.49,2.763,road,low_cost,Asia,Europe,critical,1
2700.7,3.06,1.594,2.994,0.1746,1782.77,3.313,road,standard,Asia,Europe,normal,1
1852.3,1.0,0.9,4.562,0.2742,9527.57,2.849,air,standard,Africa,Europe,high,1
2591.3,1.0,5.34,4.83,0.1057,7694.21,1.238,rail,premium,MENA,Africa,high,1
1007.2,1.59,3.348,4.445,0.0729,16281.53,4.031,sea,low_cost,Africa,Africa,normal,1
4686.8,4.76,2.529,5.842,0.174,78889.18,2.595,road,low_cost,MENA,Asia,high,1
4728.6,4.8,4.514,3.708,0.8234,2867.09,1.03,road,standard,MENA,Asia,low,1
4012.2,3.73,0.202,3.632,0.3995,1106.91,3.498,sea,low_cost,Africa,MENA,low,1
1331.1,1.0,1.502,1.772,0.1187,1634.83,2.947,road,low_cost,MENA,Africa,critical,0
1561.4,1.92,2.638,2.808,0.1693,83736.93,1.592,road,standard,Africa,MENA,normal,0
4821.0,1.46,1.128,3.418,0.3172,71939.53,0.353,sea,low_cost,Africa,Africa,normal,1
9176.4,5.37,2.556,1.287,0.1361,8848.76,2.574,sea,standard,MENA,Africa,critical,0
1910.2,2.39,3.214,3.527,0.4826,20601.65,4.2,rail,low_cost,Africa,Africa,low,0
1325.2,1.0,0.538,1.337,0.4548,15312.58,2.078,sea,low_cost,Europe,Europe,low,1
3541.3,3.27,4.307,4.46,0.0875,10584.19,0.597,sea,low_cost,MENA,Asia,high,1
1826.8,1.0,0.649,1.749,0.1778,3635.55,1.989,air,low_cost,MENA,Africa,critical,0
2290.4,1.85,1.068,2.38,0.223,2128.46,1.863,sea,low_cost,MENA,Asia,low,0
697.1,1.0,0.619,3.509,0.4857,802.03,4.149,sea,low_cost,Asia,Europe,normal,1
510.2,1.0,4.724,0.753,0.2559,628.05,3.669,sea,low_cost,MENA,Africa,normal,1
1166.4,1.5,3.843,1.211,0.1933,5919.19,4.256,air,low_cost,MENA,Africa,high,1
2299.4,1.0,0.427,6.383,0.2021,2803.84,2.262,air,standard,Asia,Africa,normal,1
503.7,1.0,1.911,5.141,0.1159,1244.48,1.537,air,low_cost,Africa,Africa,critical,0
5821.4,4.02,1.84,3.35,0.0552,10684.22,1.663,rail,low_cost,Africa,Africa,critical,1
1940.5,4.18,3.974,7.947,0.215,1160.2,2.969,road,low_cost,Europe,MENA,critical,1
1582.1,1.84,0.966,0.905,0.201,759.29,0.778,rail,low_cost,Asia,Europe,normal,0
1530.5,2.12,3.289,7.032,0.2414,5906.83,3.609,sea,low_cost,Asia,Europe,critical,1
2645.1,2.04,4.034,2.595,0.1413,3354.17,2.599,air,low_cost,Asia,Africa,normal,1
4734.3,3.87,1.282,1.61,0.3849,1243.94,1.421,sea,low_cost,MENA,Asia,normal,0
2140.9,1.0,0.709,3.925,0.047,37336.8,3.211,sea,low_cost,MENA,Europe,normal,0
1671.3,1.36,1.558,1.851,0.3205,580.6,3.491,rail,standard,Africa,Europe,normal,1
4057.4,4.11,0.322,2.223,0.1306,4058.27,3.389,air,low_cost,Europe,Asia,low,0
2008.5,4.62,1.109,3.558,0.0951,184.02,2.857,sea,low_cost,Europe,Africa,high,1
2414.3,2.12,1.279,2.264,0.1091,722.58,2.585,road,low_cost,Asia,Europe,normal,0
979.9,1.0,1.708,1.829,0.19,3374.99,1.556,road,low_cost,MENA,Asia,high,0
4506.5,5.13,1.604,3.893,0.3854,5468.02,4.754,air,low_cost,MENA,Africa,low,1
984.7,1.35,1.92,6.75,0.1182,9072.63,2.058,sea,low_cost,Europe,Africa,high,1
633.3,1.0,1.553,1.68,0.3183,6504.86,2.761,air,premium,Europe,Europe,normal,0
2544.4,2.17,2.128,3.621,0.1685,1334.38,5.042,sea,low_cost,Asia,Europe,low,1
5052.2,5.43,2.82,2.673,0.3663,788.06,2.012,air,low_cost,MENA,Europe,high,1
1706.9,3.26,3.912,4.119,0.2493,2883.86,3.436,sea,low_cost,Europe,Africa,normal,1
1474.3,1.23,2.838,5.65,0.3454,1376.15,3.815,road,premium,Africa,Europe,high,1
1665.6,1.0,4.502,1.549,0.1342,785.32,1.682,sea,standard,Europe,MENA,normal,0
5816.9,5.9,5.688,2.098,0.2689,1102.41,5.279,air,standard,MENA,Asia,critical,1
425.0,1.0,1.579,0.353,0.1935,7996.9,0.567,road,low_cost,MENA,Asia,high,0
1185.3,1.0,1.962,6.79,0.5843,599.84,2.008,air,low_cost,Europe,MENA,high,1
4597.5,4.65,1.913,2.818,0.3023,3910.57,5.711,air,low_cost,Europe,Europe,normal,0
1086.2,1.0,1.689,3.481,0.268,1463.35,0.739,air,low_cost,Europe,Africa,high,1
507.1,1.0,1.795,5.265,0.2519,1766.63,2.858,air,low_cost,Europe,MENA,normal,1
12376.9,8.1,1.536,4.238,0.1287,2963.25,3.426,air,premium,Asia,MENA,high,0
1087.0,1.0,0.119,0.691,0.1593,31331.77,2.961,sea,low_cost,MENA,Asia,high,1
1093.2,1.77,4.648,2.513,0.1645,828.46,2.981,sea,standard,Africa,Asia,critical,1
695.3,1.0,0.707,1.228,0.1192,1915.35,3.324,sea,low_cost,MENA,Africa,normal,0
3283.0,4.69,3.735,4.695,0.3986,3570.54,3.483,road,premium,Africa,MENA,normal,1
915.9,1.0,4.985,2.421,0.1996,25457.41,3.158,road,low_cost,Asia,MENA,normal,1
2661.9,1.47,4.678,2.47,0.1152,7395.29,3.093,air,low_cost,Africa,Africa,high,0
254.7,1.0,3.086,4.634,0.0981,2959.66,1.592,air,low_cost,MENA,Africa,normal,0
6647.1,5.59,4.513,2.711,0.735,1011.13,2.342,air,low_cost,Africa,Europe,low,1
1542.2,2.47,0.646,4.27,0.112,1378.8,3.567,air,low_cost,Asia,MENA,normal,0
1223.7,2.21,1.03,1.396,0.4525,1104.24,5.756,air,standard,Europe,Africa,high,0
4146.2,2.34,5.115,0.862,0.2208,1304.3,4.165,sea,low_cost,Africa,Asia,normal,1
4689.9,4.03,1.513,4.888,0.079,35811.57,1.428,air,low_cost,Asia,Europe,low,0
1079.5,1.32,4.305,0.649,0.065,3213.92,3.521,air,standard,Africa,MENA,low,0
2065.0,2.07,2.341,3.222,0.3122,6426.51,3.922,rail,low_cost,Asia,Europe,normal,1
2252.9,1.0,1.968,4.188,0.1351,10818.96,4.095,road,low_cost,MENA,MENA,normal,1
5002.1,3.8,3.343,2.674,0.3071,17966.22,1.811,air,standard,Asia,Africa,high,1
1879.0,1.0,2.422,6.636,0.3054,4761.98,3.308,rail,low_cost,MENA,Asia,high,1
2744.7,1.1,1.206,1.666,0.3776,12249.26,2.076,sea,low_cost,MENA,MENA,low,1
2295.3,1.9,0.804,0.652,0.2144,1480.18,5.644,air,standard,Asia,Africa,high,0
4306.0,2.94,3.543,5.673,0.2265,3395.11,2.25,air,low_cost,Africa,Europe,high,1
3547.2,3.58,5.181,3.829,0.3993,8560.34,5.257,road,premium,Africa,Europe,normal,1
4139.4,2.26,0.891,1.696,0.2502,27567.66,2.272,sea,premium,Africa,Asia,critical,0
3278.7,4.03,0.764,2.678,0.274,1041.58,1.6,road,premium,Asia,Europe,normal,0
5637.4,2.73,3.987,5.031,0.1989,6539.25,2.253,road,low_cost,MENA,MENA,normal,1
2110.1,1.0,1.169,0.925,0.1682,13169.77,5.445,air,standard,Europe,Africa,normal,0
1814.5,1.0,2.306,4.373,0.4291,3223.81,1.87,sea,low_cost,MENA,Africa,low,1
333.3,1.48,2.819,4.946,0.1545,10703.9,3.441,air,low_cost,Africa,Europe,critical,1
4506.2,3.98,7.016,5.466,0.2529,13798.13,1.714,road,low_cost,Asia,MENA,normal,1
2893.9,2.36,2.576,6.697,0.6563,1655.13,2.332,sea,low_cost,Europe,Asia,high,1
1800.8,1.14,6.856,6.412,0.1248,10885.89,1.536,road,standard,Asia,Europe,high,1
834.8,1.0,0.696,2.522,0.1099,2499.47,3.339,air,low_cost,MENA,MENA,normal,0
7307.8,5.44,5.492,2.768,0.3795,2992.5,3.176,sea,standard,MENA,Africa,normal,1
5265.5,3.62,2.13,1.367,0.1618,1841.38,1.971,air,low_cost,Europe,Africa,critical,0
9561.3,6.1,0.827,2.05,0.1232,22213.19,1.135,road,low_cost,Africa,Africa,normal,0
2372.3,2.42,1.416,5.82,0.1235,1472.57,2.365,sea,standard,Asia,Africa,normal,1
3567.9,3.36,3.194,4.859,0.1118,27432.43,6.12,road,standard,MENA,Africa,low,1
3364.1,2.19,1.617,2.815,0.0545,6122.73,0.806,air,low_cost,Europe,MENA,low,0
849.6,1.0,2.477,0.261,0.5297,49076.77,2.64,air,low_cost,MENA,Asia,normal,1
845.2,1.49,5.742,3.539,0.0647,991.07,1.586,air,low_cost,Asia,Asia,normal,1
3916.2,3.03,3.08,1.135,0.1478,133.43,2.847,road,standard,Africa,Asia,normal,1
1711.8,1.0,3.832,6.96,0.5726,53512.02,3.856,sea,low_cost,Europe,MENA,critical,1
644.1,1.32,2.285,6.18,0.3838,1491.42,0.908,road,low_cost,Africa,Europe,critical,1
9250.0,7.62,3.421,2.085,0.3096,29323.17,1.767,air,premium,MENA,MENA,normal,0
1590.2,1.0,1.922,5.96,0.0438,11647.3,2.753,sea,low_cost,MENA,Africa,critical,1
1850.3,1.0,4.003,3.307,0.3282,3755.8,4.329,sea,low_cost,Europe,Africa,low,1
6373.7,6.38,1.236,1.876,0.1905,3906.1,3.976,sea,low_cost,Asia,Africa,normal,1
1658.9,1.0,2.173,7.636,0.3835,9553.04,1.111,sea,low_cost,Asia,Asia,normal,1
4054.5,3.63,4.039,5.163,0.2218,3654.64,5.1,sea,low_cost,Asia,Africa,critical,1
8295.7,8.33,1.995,3.799,0.0995,1305.1,2.85,sea,premium,Asia,Europe,critical,0
2942.1,4.7,1.804,0.71,0.1646,27505.22,2.02,road,low_cost,Europe,Africa,normal,0
902.7,1.29,1.163,2.7,0.1137,581.33,3.037,sea,low_cost,Europe,Africa,high,0
2762.6,3.43,2.982,2.679,0.3102,1050.39,4.091,sea,standard,Europe,Asia,high,1
2891.2,1.0,2.367,4.871,0.1286,15720.92,1.806,sea,premium,Africa,Africa,critical,0
277.7,2.86,1.545,5.537,0.1993,776.02,1.286,sea,low_cost,Africa,MENA,high,1
3488.6,2.3,4.937,6.812,0.2007,36223.62,4.082,sea,standard,Asia,Africa,high,1
7075.8,4.22,3.703,2.748,0.5134,11869.99,3.923,sea,standard,Europe,Europe,normal,1
6444.0,6.8,2.471,2.418,0.266,772.87,2.159,air,low_cost,Europe,MENA,high,1
3675.7,3.49,6.675,1.861,0.0542,9587.25,1.403,road,low_cost,Asia,MENA,normal,1
3950.1,2.69,1.141,2.798,0.2908,8978.61,3.012,rail,low_cost,Europe,Europe,high,1
4004.3,3.95,5.709,4.086,0.3126,12608.18,0.823,air,low_cost,MENA,Asia,normal,1
1770.8,2.04,0.839,5.644,0.3592,3000.13,4.127,sea,premium,Africa,MENA,high,1
4124.1,2.39,2.824,5.332,0.3481,19045.61,2.493,air,low_cost,Europe,MENA,normal,1
1385.6,1.0,0.396,0.57,0.4796,8367.28,2.377,air,low_cost,Africa,MENA,low,0
2465.4,2.66,4.029,1.12,0.3812,6908.49,3.463,air,standard,MENA,Asia,high,1
1635.7,2.71,1.003,3.334,0.0865,432.54,1.392,air,low_cost,Africa,Europe,low,1
2016.7,1.0,0.489,3.491,0.1017,5873.7,1.349,road,standard,MENA,Africa,normal,0
707.2,1.57,7.676,4.18,0.4171,534.07,3.659,sea,standard,Europe,Europe,high,0
514.3,1.0,2.783,1.995,0.1374,5689.76,0.595,road,low_cost,Europe,Europe,critical,1
3219.6,4.07,3.149,1.507,0.1618,423.06,4.058,air,low_cost,Europe,Asia,low,1
5668.6,4.02,2.069,3.355,0.2199,3493.31,0.342,sea,low_cost,Europe,Africa,normal,1
5741.4,4.5,1.011,1.3,0.4717,1458.29,3.896,sea,standard,Asia,Asia,normal,1
1456.1,1.0,0.637,3.9,0.0555,9831.17,2.103,air,standard,Europe,Asia,critical,0
7207.6,4.61,0.671,2.365,0.1645,523.14,3.08,sea,standard,MENA,MENA,low,0
1331.3,1.0,5.376,1.381,0.1921,13486.89,1.701,sea,low_cost,Europe,Africa,normal,1
857.2,1.47,4.31,0.599,0.1133,12684.71,2.239,air,low_cost,MENA,MENA,normal,0
1097.3,1.0,5.683,0.503,0.0723,10114.45,4.642,road,standard,Asia,Africa,normal,1
3192.1,3.44,3.508,3.096,0.1068,158.77,3.304,air,low_cost,Europe,Africa,high,1
3359.6,4.25,1.987,2.268,0.2074,25180.23,2.487,road,low_cost,Europe,MENA,high,1
4788.8,3.9,2.138,0.846,0.2702,78767.84,2.867,air,low_cost,MENA,Asia,low,0
1522.2,1.0,4.565,6.066,0.1176,8346.15,3.553,rail,premium,Africa,Africa,normal,1
503.7,1.33,0.49,3.171,0.3148,9001.93,3.392,air,low_cost,MENA,Asia,normal,1
172.7,1.0,2.317,2.432,0.4282,5529.44,5.017,sea,low_cost,Africa,Africa,normal,1
3190.9,2.61,2.55,1.56,0.2798,18693.19,1.659,sea,low_cost,Asia,Asia,normal,1
4970.6,5.18,2.338,1.65,0.488,1527.22,4.035,rail,standard,Asia,Africa,high,1
2889.6,4.16,3.649,0.659,0.2305,2360.99,3.056,road,low_cost,MENA,Africa,normal,1
3038.2,1.0,1.471,5.421,0.2198,978.89,1.521,road,standard,Asia,Europe,normal,1
2908.5,2.03,4.521,4.69,0.2432,3061.01,1.985,road,low_cost,Africa,Asia,critical,1
1501.5,3.3,1.611,0.183,0.2368,9080.32,1.299,air,low_cost,Europe,Africa,normal,0
5511.8,4.97,1.999,2.179,0.5046,5647.54,2.097,road,low_cost,Africa,MENA,normal,1
1190.5,1.03,1.087,1.689,0.2066,15654.48,2.906,sea,low_cost,Asia,Asia,high,0
1541.6,2.04,2.875,3.562,0.119,226.05,1.088,air,low_cost,Africa,Asia,normal,0
4357.8,3.39,3.467,6.75,0.3658,9438.84,1.051,air,low_cost,Europe,MENA,normal,1
3210.9,1.91,2.579,1.96,0.5462,47448.64,1.686,sea,low_cost,MENA,Europe,high,0
1422.8,1.16,4.0,4.716,0.0787,17266.2,3.861,sea,low_cost,Europe,Africa,high,1
3501.7,3.18,1.853,3.826,0.3505,28188.52,0.972,sea,low_cost,MENA,Africa,critical,1
3054.7,1.18,6.152,8.543,0.1645,917.45,3.081,road,low_cost,Europe,Europe,normal,1
5911.3,3.71,2.334,2.38,0.1782,8723.51,5.209,sea,premium,MENA,MENA,high,1
1316.2,1.0,0.395,2.839,0.4062,168.96,1.654,rail,standard,MENA,MENA,low,0
5990.6,4.02,1.134,4.571,0.0687,5835.69,1.185,road,standard,Asia,MENA,high,0
2560.1,1.43,5.545,5.38,0.5535,16960.26,4.391,air,low_cost,MENA,Europe,normal,1
2734.3,1.36,4.225,1.478,0.1922,7457.43,1.185,air,low_cost,Asia,Asia,low,0
2150.3,1.0,3.291,5.278,0.0652,6107.3,3.175,sea,low_cost,Africa,Asia,normal,1
1371.9,1.07,2.835,2.922,0.079,25778.8,1.35,sea,standard,Asia,MENA,high,1
1317.5,1.33,2.691,4.345,0.1077,19038.86,3.477,road,standard,Europe,Africa,normal,1
3179.2,3.56,0.647,2.954,0.5054,352.8,2.9,sea,low_cost,Asia,Europe,low,1
3174.8,1.98,4.742,3.631,0.2156,1972.77,5.265,road,low_cost,MENA,Asia,normal,1
5636.3,4.72,2.543,1.251,0.1436,1690.05,1.479,air,standard,MENA,Europe,normal,0
2944.7,2.29,0.903,3.988,0.0878,626.06,3.026,sea,low_cost,MENA,Africa,normal,1
3687.3,2.27,4.438,2.296,0.3175,9482.16,3.467,sea,low_cost,Africa,Africa,low,1
6078.4,4.2,2.22,5.985,0.2077,18599.89,1.704,sea,low_cost,Africa,Asia,normal,0
2694.6,3.03,0.81,7.125,0.0845,825080.79,2.334,air,low_cost,MENA,Europe,normal,1
2285.0,2.4,4.786,6.137,0.1639,2482.65,1.031,sea,low_cost,Asia,Europe,normal,1
4898.4,2.91,2.18,6.312,0.2113,6001.93,0.832,road,standard,Asia,Asia,low,1
557.6,2.02,1.163,6.045,0.1535,746.43,0.887,sea,standard,Africa,Africa,normal,1
2737.8,1.0,3.663,1.426,0.3433,1016.63,4.346,air,low_cost,Asia,Europe,normal,1
5029.6,3.36,2.372,4.472,0.5336,9749.34,5.443,sea,low_cost,Africa,Africa,low,1
3146.2,2.36,5.25,7.602,0.2216,6408.97,1.3,sea,standard,Asia,Europe,high,0
4850.1,3.35,4.398,1.629,0.3536,3677.96,3.388,air,standard,Asia,Asia,normal,1
2905.0,1.0,4.243,2.659,0.2041,791.29,4.903,sea,premium,MENA,Africa,low,1
3224.0,4.04,2.555,5.336,0.2592,9653.02,1.583,road,low_cost,Africa,MENA,normal,1
2437.9,1.2,1.997,2.905,0.0279,11753.12,1.056,sea,low_cost,Asia,MENA,normal,0
2342.3,2.27,4.034,1.534,0.0198,1105.07,1.626,sea,low_cost,Africa,Europe,critical,0
6107.1,5.74,1.589,0.911,0.117,2977.93,2.896,sea,low_cost,MENA,Europe,low,0
6587.4,3.23,4.361,0.463,0.3098,2052.03,1.192,sea,low_cost,Asia,Africa,normal,1
2073.0,1.69,2.233,4.838,0.2472,595.84,1.634,road,low_cost,MENA,Asia,low,1
945.3,1.0,0.732,4.485,0.6816,986.86,2.694,air,low_cost,Europe,Asia,high,1
3516.7,4.64,0.371,5.166,0.1953,5956.8,0.973,sea,low_cost,Asia,Asia,high,1
3983.9,4.79,3.659,6.174,0.4436,1662.09,1.256,air,standard,MENA,Asia,low,1
1046.3,1.59,3.348,3.147,0.1019,5333.08,3.147,air,standard,Asia,Africa,normal,0
5763.6,3.27,1.108,2.785,0.1843,12997.17,5.466,sea,low_cost,Africa,Africa,normal,1
2181.0,1.66,2.271,4.879,0.0831,9198.94,1.654,air,low_cost,Africa,Europe,low,1
2663.8,3.22,3.669,4.681,0.2794,3317.81,1.09,road,standard,MENA,Africa,high,1
4072.5,3.86,1.274,2.244,0.2193,1491.16,2.248,air,low_cost,MENA,MENA,normal,0
3784.5,4.56,2.403,4.731,0.0516,7489.74,1.532,sea,premium,Asia,MENA,critical,0
1304.7,1.0,2.048,3.095,0.3755,45172.34,2.538,air,standard,Asia,Africa,critical,1
2181.3,3.06,2.898,2.936,0.1165,4495.73,2.786,road,low_cost,Europe,Asia,normal,1
10190.8,7.99,2.256,3.112,0.1173,152371.56,3.545,sea,low_cost,Africa,Asia,high,1
2463.1,1.2,2.527,1.805,0.2452,549.1,3.792,road,low_cost,Africa,Africa,normal,1
5699.2,3.71,1.296,0.602,0.2877,24112.19,0.967,road,low_cost,MENA,MENA,low,0
2101.5,2.63,1.117,4.857,0.2267,8837.47,0.811,air,low_cost,Asia,Africa,normal,0
3099.0,1.0,1.436,6.032,0.0389,1259.49,0.892,road,low_cost,Asia,Africa,normal,0
6570.6,2.21,3.226,2.93,0.1147,2792.83,1.892,rail,standard,Europe,Asia,high,0
1377.5,3.08,6.288,3.076,0.0753,1482.61,2.36,sea,low_cost,Africa,Africa,high,1
1188.0,2.05,3.529,6.16,0.4245,1155.31,2.983,rail,low_cost,MENA,Africa,high,1
2377.5,1.79,0.829,5.269,0.3323,2313.3,2.495,sea,premium,MENA,Africa,normal,1
1405.1,1.79,0.999,5.524,0.1411,227.22,4.259,road,low_cost,MENA,Africa,normal,1
1909.6,1.68,2.759,4.028,0.2269,3003.7,1.864,sea,low_cost,MENA,Africa,low,1
2450.3,2.21,6.906,7.332,0.0738,2079.2,2.563,air,standard,MENA,Asia,normal,1
10636.1,6.27,2.779,0.462,0.1992,3687.32,3.24,air,standard,Africa,Asia,low,0
1273.0,1.44,4.242,5.443,0.2668,157.15,1.904,road,standard,Africa,MENA,normal,1
5300.4,5.53,0.693,2.779,0.2329,7598.38,2.663,air,low_cost,Europe,MENA,low,0
3131.1,1.8,5.927,6.941,0.04,53.15,7.411,air,low_cost,Asia,MENA,high,1
1616.1,1.22,1.97,4.189,0.1518,17670.78,2.192,sea,low_cost,Europe,MENA,normal,1
3316.2,2.37,4.025,5.794,0.0726,3391.75,2.198,rail,low_cost,Asia,MENA,normal,1
5075.8,3.35,4.606,2.115,0.1275,4226.3,1.816,road,standard,Africa,Asia,high,1
2031.1,1.0,2.449,3.431,0.2283,854.33,1.606,rail,low_cost,Europe,Europe,critical,0
1467.3,1.93,2.488,3.959,0.0382,5604.94,7.128,air,low_cost,Africa,MENA,high,1
4513.5,3.5,0.554,2.814,0.2977,13876.21,3.598,air,low_cost,MENA,Africa,low,1
2781.1,1.0,2.784,3.707,0.1473,3564.59,1.575,sea,standard,Africa,Africa,normal,0
5053.3,5.89,0.694,1.602,0.0948,7876.22,2.529,sea,low_cost,Europe,Africa,high,0
1292.3,1.23,3.986,2.17,0.2276,12709.2,3.723,sea,standard,Asia,MENA,low,1
346.3,1.0,0.193,8.114,0.2385,18488.15,6.29,air,standard,Europe,Europe,normal,1
4191.4,2.77,1.154,2.797,0.2018,18945.41,1.057,sea,low_cost,Africa,Asia,normal,1
2899.7,3.18,2.435,1.317,0.2545,7977.26,1.573,sea,standard,Europe,MENA,high,1
3482.6,4.51,1.954,4.753,0.1194,3961.81,6.068,air,low_cost,Europe,Africa,critical,1
2065.6,2.39,0.803,3.607,0.251,8056.29,1.589,air,low_cost,Europe,Asia,normal,0
608.7,1.52,1.757,3.713,0.3587,72405.0,5.271,sea,low_cost,MENA,Africa,normal,1
3486.1,2.94,4.712,3.368,0.3486,1697.45,2.457,air,standard,Asia,MENA,high,1
1107.1,1.0,1.802,7.328,0.1592,5261.64,2.767,road,standard,MENA,Asia,normal,1
4992.4,3.61,2.729,5.548,0.2256,3369.39,3.873,road,low_cost,MENA,MENA,normal,1
3371.7,1.7,5.286,1.116,0.3123,4897.08,2.176,sea,low_cost,Europe,Asia,normal,1
281.7,1.13,1.702,5.877,0.1454,1513.13,1.535,sea,premium,Europe,MENA,critical,0
1608.9,1.89,3.117,3.668,0.1891,10995.77,3.546,air,low_cost,MENA,Asia,critical,1
2070.9,4.13,3.691,3.545,0.5119,3904.2,3.042,rail,low_cost,Africa,Asia,low,1
3305.2,3.63,3.477,2.992,0.14,3603.13,1.331,rail,low_cost,Asia,Europe,high,1
1906.6,2.34,1.768,6.916,0.0713,4542.8,2.284,road,low_cost,Europe,Asia,normal,1
651.6,1.0,4.027,0.883,0.4196,12280.76,2.59,road,low_cost,Europe,MENA,normal,1
910.7,1.0,0.993,2.636,0.1665,4350.07,2.8,sea,standard,Asia,MENA,normal,0
2248.3,2.46,2.386,3.057,0.5036,6738.0,2.788,road,low_cost,Africa,Africa,high,0
1231.8,1.52,1.231,1.034,0.112,693.44,4.266,sea,premium,MENA,MENA,normal,1
3170.1,1.47,0.903,4.044,0.5077,107312.92,3.423,air,standard,MENA,MENA,normal,1
3503.4,2.2,0.71,0.456,0.4671,3696.63,2.066,road,low_cost,Europe,MENA,high,0
1082.5,3.4,2.212,6.481,0.3349,3766.22,2.481,air,premium,Europe,Europe,normal,1
1757.6,1.75,4.867,0.404,0.303,23534.09,5.659,air,low_cost,Asia,Europe,low,1
1885.9,1.0,1.907,3.41,0.2083,5768.2,3.113,rail,standard,Africa,MENA,high,0
916.0,1.0,2.687,7.636,0.5287,22606.18,1.465,road,low_cost,Africa,Europe,low,1
2924.6,2.78,3.994,4.499,0.4722,6749.32,3.365,air,low_cost,Africa,Europe,normal,1
948.6,1.33,1.208,2.048,0.2637,891.21,3.511,air,standard,Europe,Africa,low,0
5343.2,3.92,2.858,2.05,0.2111,1729.42,4.051,sea,low_cost,Africa,Europe,normal,1
2288.9,1.0,2.466,2.621,0.1463,16643.38,1.155,air,standard,Europe,MENA,normal,0
3892.9,3.36,1.308,1.462,0.2593,4479.08,1.515,rail,standard,Africa,MENA,critical,0
3225.8,2.23,4.56,4.502,0.1561,4379.51,4.1,sea,standard,Europe,Europe,normal,1
5213.8,3.98,2.518,0.604,0.0757,12597.81,3.823,air,standard,Europe,Africa,critical,0
4391.1,2.32,1.48,1.515,0.2757,4005.73,4.644,road,low_cost,Asia,Africa,normal,1
2560.1,2.14,2.616,0.658,0.2241,3648.41,2.333,sea,low_cost,MENA,MENA,normal,0
122.6,2.43,1.414,0.93,0.0508,9649.66,1.119,sea,low_cost,Europe,Africa,high,1
5853.4,5.24,5.698,1.104,0.3633,2948.32,0.939,air,standard,Europe,Asia,normal,1
5704.5,4.52,5.693,3.284,0.2074,20855.6,0.774,sea,low_cost,Asia,MENA,low,1
2077.6,1.0,3.699,1.703,0.2197,1505.14,4.75,sea,low_cost,Europe,Europe,normal,1
1381.9,2.58,1.127,3.108,0.2285,20519.93,4.319,air,low_cost,Europe,Asia,critical,0
1499.3,2.35,0.475,4.791,0.1162,1529.99,0.719,air,standard,Europe,Asia,critical,0
2467.8,1.33,4.566,3.375,0.3172,3891.35,3.858,sea,standard,Africa,Africa,low,1
523.2,1.0,5.701,1.353,0.5448,22512.81,1.655,sea,low_cost,Europe,Africa,high,1
1878.7,2.29,2.564,3.157,0.3608,1947.44,0.747,air,low_cost,Asia,Europe,high,1
6356.5,4.95,2.978,3.01,0.3349,1333.49,3.584,rail,standard,Asia,Africa,high,1
148.7,1.05,1.443,6.311,0.1397,58636.45,0.584,road,standard,Asia,Africa,high,0
7406.8,5.95,1.89,7.452,0.2271,2986.04,4.43,road,premium,MENA,Europe,normal,1
685.6,1.0,1.861,4.421,0.3893,982.97,5.904,air,low_cost,Africa,Asia,high,0
3610.2,3.52,0.893,3.4,0.1604,12033.25,2.416,rail,low_cost,MENA,Asia,high,0
10212.0,7.68,1.209,2.882,0.4634,9041.43,0.72,sea,low_cost,Asia,Europe,normal,1
4142.0,1.0,1.709,0.476,0.3306,10790.44,2.873,sea,standard,Europe,Europe,high,0
4968.1,3.73,1.409,6.734,0.4494,4712.83,3.897,sea,standard,MENA,Europe,normal,1
1982.7,1.0,4.324,3.455,0.1307,9443.07,1.616,road,standard,MENA,Asia,low,1
3639.3,2.18,3.967,2.918,0.3654,2231.61,0.778,road,low_cost,Africa,Europe,low,1
1756.1,1.95,1.895,4.823,0.2263,850.77,1.694,air,low_cost,Asia,Europe,normal,1
4841.9,4.29,2.383,1.506,0.2706,956.53,4.648,road,low_cost,Asia,Asia,critical,1
7808.7,5.08,1.847,1.512,0.2013,22314.54,1.088,air,premium,Africa,MENA,normal,0
1149.5,1.0,4.211,2.86,0.0867,5137.04,1.125,sea,low_cost,Europe,Asia,critical,0
4740.4,4.83,5.914,4.641,0.3391,75322.21,4.188,air,low_cost,Asia,MENA,normal,1
789.5,3.42,1.476,5.475,0.0824,8544.27,2.257,air,premium,Africa,MENA,low,0
3809.1,1.25,5.322,1.672,0.3002,1690.17,4.715,air,premium,Europe,Asia,high,1
5448.5,4.78,2.113,0.71,0.1347,5251.57,6.777,road,low_cost,MENA,MENA,high,1
6210.4,2.85,5.048,3.209,0.3669,1080.37,3.542,air,low_cost,Europe,Africa,low,1
1081.6,1.0,3.736,4.818,0.1039,4785.5,3.888,rail,standard,Asia,MENA,normal,1
823.5,3.46,0.64,4.357,0.4252,4806.9,3.86,air,low_cost,Asia,Europe,normal,1
2132.8,2.37,4.175,3.331,0.2763,1795.96,2.055,air,low_cost,Asia,Africa,normal,1
1919.9,1.64,2.044,2.055,0.1743,5828.23,2.901,sea,standard,Africa,Europe,normal,1
3351.4,2.22,0.713,3.305,0.0946,978.06,2.786,rail,low_cost,Europe,Asia,high,1
6367.0,4.02,4.146,3.311,0.2844,1980.83,1.105,rail,premium,Europe,Europe,normal,1
3833.3,4.01,1.181,1.561,0.262,1309.52,1.413,sea,premium,MENA,Africa,normal,0
2590.0,1.64,2.638,5.551,0.2529,4750.94,4.635,sea,low_cost,Asia,Asia,normal,1
2021.8,1.0,4.433,2.779,0.2951,872.52,4.645,air,standard,Africa,MENA,normal,1
2252.4,3.35,1.972,0.676,0.233,130626.61,0.382,sea,low_cost,Europe,Europe,normal,0
1410.7,1.0,1.451,6.681,0.3581,1514.63,0.568,sea,low_cost,Asia,Europe,high,1
1156.2,1.0,0.732,4.998,0.0835,6420.77,2.859,air,low_cost,Africa,Asia,normal,0
1321.5,1.13,0.169,3.707,0.1252,10974.32,2.756,road,low_cost,Europe,Asia,critical,0
5941.1,1.74,3.341,2.77,0.0898,7472.17,2.696,sea,low_cost,Asia,MENA,low,1
5946.6,4.3,2.176,0.293,0.1848,12212.62,2.382,road,standard,Africa,Asia,normal,0
675.6,2.25,3.852,2.091,0.1899,1428.45,3.03,road,standard,Europe,MENA,normal,1
3189.2,1.86,2.658,2.907,0.1618,7910.51,1.178,sea,low_cost,MENA,Europe,low,1
3935.5,3.17,2.247,2.09,0.2285,4616.95,4.615,rail,low_cost,Europe,Africa,low,1
936.0,2.67,0.955,6.473,0.1711,70012.92,2.851,sea,standard,Europe,Africa,high,1
3206.6,3.04,1.065,2.154,0.1877,2260.23,5.231,air,standard,Africa,MENA,low,1
931.1,1.0,4.92,5.176,0.1964,4619.83,2.927,sea,standard,Africa,Asia,low,1
2570.5,1.0,7.551,5.376,0.2102,2236.92,5.208,air,low_cost,Asia,Europe,normal,0
2884.1,1.0,3.329,2.281,0.1505,602.91,1.782,rail,low_cost,MENA,Europe,normal,0
4720.5,2.84,4.863,1.533,0.2619,1764.2,3.841,sea,low_cost,MENA,MENA,high,1
2517.4,2.37,3.292,3.921,0.0126,11985.03,1.499,road,low_cost,Africa,Africa,low,0
1805.9,1.02,3.412,4.593,0.1807,2237.46,3.176,sea,low_cost,Africa,Europe,high,0
6194.8,5.04,3.139,0.365,0.124,1494.52,0.663,air,low_cost,Europe,Asia,normal,0
2180.4,2.67,2.223,1.127,0.2425,5919.15,4.666,sea,low_cost,Europe,Africa,normal,1
2485.8,1.78,2.784,2.434,0.5721,12136.5,4.707,road,standard,Africa,Africa,critical,1
657.3,1.0,0.404,3.223,0.1222,82631.98,0.421,road,standard,MENA,Europe,high,0
2699.2,3.58,1.097,2.596,0.4604,1389.81,1.533,sea,low_cost,Africa,MENA,normal,1
266.0,1.76,3.791,2.52,0.3285,3062.54,3.196,rail,low_cost,MENA,Africa,normal,1
3026.6,2.82,2.462,6.47,0.4737,257.3,3.599,air,low_cost,MENA,MENA,high,1
1062.0,1.0,3.523,2.159,0.3241,4979.54,5.143,road,low_cost,Africa,Europe,high,1
522.2,1.6,3.277,1.328,0.1177,7471.73,4.045,sea,premium,MENA,Europe,normal,0
1873.7,2.1,1.615,1.13,0.3247,7156.34,0.604,air,low_cost,Asia,Asia,low,0
1440.2,1.0,5.739,2.865,0.172,968.54,1.142,rail,low_cost,Africa,Asia,critical,1
1877.3,2.5,6.367,2.304,0.1829,4352.45,6.052,road,low_cost,Europe,Europe,normal,0
2673.1,2.14,5.502,0.806,0.2154,15234.27,0.904,air,low_cost,Africa,Asia,critical,0
1819.8,1.33,1.547,1.364,0.2074,3885.31,4.815,air,low_cost,Africa,Europe,normal,0
2474.8,3.02,0.696,2.897,0.1176,8746.55,1.938,air,low_cost,Africa,MENA,normal,0
9775.0,5.86,4.366,7.58,0.1764,1469.41,0.722,rail,standard,Asia,Asia,normal,1
2445.6,1.0,3.689,8.767,0.5152,1407.62,3.552,road,standard,Africa,Asia,low,1
7859.6,7.31,2.114,5.351,0.3572,1555.39,1.213,sea,premium,Europe,MENA,normal,0
2310.4,2.55,4.286,0.437,0.0885,77.68,4.252,air,low_cost,MENA,MENA,normal,0
779.5,1.0,5.91,3.931,0.1463,2025.32,2.575,air,low_cost,MENA,Africa,high,1
2381.3,1.0,1.792,3.179,0.3311,1750.37,5.054,sea,low_cost,MENA,Africa,high,1
3690.6,3.61,0.457,5.219,0.4734,5508.36,1.481,sea,standard,Africa,Europe,normal,1
549.2,1.0,1.995,4.212,0.1249,18718.32,5.984,road,low_cost,Europe,Africa,normal,1
7690.3,6.86,1.153,5.861,0.3141,1286.52,3.431,air,standard,MENA,Africa,normal,1
3752.4,3.97,4.965,6.322,0.6448,1499.29,0.246,air,low_cost,Europe,Asia,low,1
870.5,2.81,0.406,4.838,0.2064,2018.94,4.522,sea,standard,Asia,Asia,high,1
5068.8,3.57,1.792,3.471,0.2968,20412.55,6.367,rail,standard,MENA,Asia,normal,1
1663.1,1.64,3.534,1.844,0.4669,90905.67,4.209,air,low_cost,Asia,MENA,normal,1
8688.9,5.3,3.407,3.566,0.2752,8146.66,0.643,sea,standard,Africa,MENA,normal,1
3748.2,4.63,3.694,0.595,0.2113,42185.24,1.996,sea,low_cost,Europe,Africa,normal,1
1099.0,1.0,2.291,4.046,0.1913,1842.46,1.552,air,low_cost,MENA,Europe,normal,0
4135.5,4.36,1.708,4.412,0.525,806.5,2.877,sea,low_cost,MENA,Africa,high,1
1338.8,1.0,3.067,2.923,0.2962,1854.69,4.538,sea,low_cost,MENA,Africa,normal,1
3714.6,2.52,4.28,2.924,0.0634,4838.78,0.79,road,low_cost,Africa,Europe,normal,0
5273.0,3.27,4.255,2.216,0.2098,11221.79,2.745,sea,low_cost,Europe,MENA,low,1
266.5,1.0,1.328,3.174,0.1096,10208.95,0.124,road,low_cost,Africa,Africa,low,0
1539.7,1.07,2.34,2.505,0.0808,4220.62,5.559,air,low_cost,Africa,Africa,normal,0
4118.2,1.51,2.354,3.624,0.1387,20276.56,5.17,sea,standard,MENA,Africa,high,0
3472.8,1.09,3.28,2.004,0.1361,1168.7,1.187,sea,low_cost,Europe,Africa,normal,1
1282.1,1.0,2.097,2.958,0.3308,12350.59,3.418,air,premium,Asia,Asia,normal,0
1065.3,1.34,1.076,1.653,0.38,312.0,2.331,air,low_cost,MENA,Europe,critical,0
2555.0,1.01,2.293,2.348,0.4478,11056.71,1.166,road,low_cost,Asia,MENA,high,1
821.7,2.32,0.868,6.435,0.041,9642.52,4.249,road,low_cost,Asia,Asia,normal,1
1648.6,1.86,3.373,3.074,0.188,10159.56,3.835,sea,low_cost,Europe,MENA,high,1
1293.5,1.0,3.676,7.107,0.103,3247.75,6.106,rail,low_cost,Europe,Asia,high,1
3332.4,4.93,8.038,0.509,0.183,7736.59,0.4,sea,low_cost,Africa,Asia,normal,1
13273.8,9.9,3.35,1.438,0.3172,69783.42,2.732,road,low_cost,Asia,MENA,normal,1
1375.7,2.68,3.458,2.474,0.1666,2138.43,4.418,air,low_cost,Asia,Europe,normal,1
7465.9,4.55,1.2,5.357,0.6282,882.27,3.751,air,standard,Europe,MENA,high,1
1480.8,1.36,1.781,3.436,0.4947,2315.15,1.157,air,standard,Africa,Europe,normal,1
2662.9,1.09,5.223,1.099,0.1406,7480.16,2.254,road,premium,MENA,Africa,high,0
4080.8,2.87,3.06,4.669,0.521,4253.67,5.031,air,low_cost,Asia,Europe,normal,1
5558.1,3.6,4.538,1.772,0.2305,23632.45,2.684,road,low_cost,Europe,Africa,high,1
2125.4,1.0,4.259,3.665,0.6362,305.02,3.243,sea,standard,Asia,Europe,normal,1
1476.4,2.76,1.444,5.78,0.0752,2488.53,4.364,sea,low_cost,Asia,MENA,normal,1
1247.2,2.79,7.356,1.982,0.3852,3856.16,3.166,road,low_cost,MENA,Africa,high,0
2286.8,1.8,3.115,5.807,0.0672,1186.6,3.676,sea,standard,Africa,Asia,critical,1
3933.9,1.67,2.504,2.551,0.0566,3994.02,1.818,rail,premium,Africa,Africa,normal,0
5777.0,2.93,5.13,5.799,0.3199,3198.31,1.707,air,standard,Asia,MENA,low,1
912.8,2.5,2.34,3.869,0.2521,722.74,5.067,road,premium,Asia,MENA,normal,1
3796.3,4.82,6.33,5.575,0.3526,35812.37,2.191,sea,premium,Asia,MENA,normal,1
2040.0,2.49,1.308,3.86,0.2082,2118.9,4.256,sea,low_cost,Europe,Africa,low,1
4054.2,1.93,4.119,0.5,0.0163,7432.41,3.339,road,low_cost,Asia,Africa,normal,0
814.3,1.49,2.715,5.913,0.0403,43783.87,0.347,air,standard,MENA,Asia,normal,0
1615.1,2.12,1.036,7.784,0.3504,435.03,4.104,road,standard,MENA,MENA,normal,1
2543.4,1.98,2.057,6.603,0.1662,1780.28,0.533,sea,low_cost,Asia,Africa,critical,1
6575.2,5.83,1.202,2.346,0.1804,7122.78,6.438,road,premium,Europe,Africa,high,1
6031.3,5.21,4.662,1.226,0.1083,16121.84,3.726,sea,premium,MENA,MENA,normal,1
3869.7,5.92,0.781,1.664,0.239,2281.97,1.439,road,low_cost,Asia,Africa,normal,0
4946.6,2.77,2.246,3.291,0.1004,30036.48,3.222,road,standard,Africa,Asia,high,0
582.6,1.0,6.114,1.573,0.0679,1991.58,1.156,air,low_cost,Europe,MENA,normal,1
2605.2,3.67,5.571,1.281,0.2016,15665.58,1.517,air,low_cost,Europe,Europe,normal,1
4997.0,4.39,1.919,3.426,0.0179,1322.89,1.379,sea,low_cost,Europe,MENA,critical,1
4629.8,5.11,2.426,2.424,0.1043,9030.51,2.422,road,low_cost,MENA,MENA,low,0
7541.4,5.3,0.906,4.177,0.4516,7706.69,1.873,air,low_cost,Africa,Asia,normal,1
10034.8,7.93,2.367,3.467,0.1468,44993.1,3.167,road,standard,MENA,MENA,low,1
6692.4,4.12,3.718,2.72,0.2396,307995.29,8.156,road,low_cost,Africa,MENA,low,1
4640.4,3.96,1.276,2.641,0.1609,13992.3,2.611,sea,premium,Europe,Europe,critical,0
3703.4,5.22,3.376,3.534,0.118,2022.51,1.469,sea,low_cost,MENA,Asia,normal,1
2825.1,4.0,2.062,3.408,0.0822,2084.73,0.349,road,low_cost,Europe,Africa,normal,0
1008.7,1.0,1.568,6.373,0.0576,2198.08,3.175,sea,standard,Africa,Africa,normal,1
2455.9,1.45,2.389,3.393,0.2829,765.68,1.571,road,low_cost,Africa,Asia,normal,0
4724.6,4.05,2.293,7.03,0.1151,4275.83,4.691,air,low_cost,Asia,Asia,normal,1
1362.4,1.0,2.016,5.057,0.3881,4780.23,0.896,sea,standard,Europe,Asia,normal,1
4525.9,4.08,3.047,3.787,0.4494,3229.07,2.22,road,low_cost,Africa,MENA,normal,1
2993.7,1.94,0.271,1.787,0.1112,4236.22,2.237,road,standard,Asia,Africa,low,0
2629.6,3.09,2.581,1.37,0.1383,852.43,4.354,road,low_cost,Africa,Africa,normal,1
1614.4,3.18,2.143,2.275,0.3227,1536.79,1.752,sea,low_cost,Africa,Europe,normal,1
2517.1,3.3,1.439,4.521,0.4086,46756.98,4.139,air,low_cost,MENA,MENA,critical,1
160.6,1.0,3.333,2.749,0.5155,4688.13,2.293,sea,low_cost,MENA,Asia,normal,1
6499.2,3.92,1.3,1.32,0.3565,3014.55,1.849,road,low_cost,Europe,MENA,normal,1
819.6,1.0,4.607,4.369,0.2612,8111.13,4.151,air,premium,Asia,Africa,normal,0
3722.4,3.7,5.69,6.768,0.2936,3587.18,3.688,sea,low_cost,MENA,Asia,normal,1
1951.7,2.32,1.914,4.63,0.1769,8133.25,3.118,sea,standard,Europe,Africa,low,1
668.7,1.0,2.389,4.347,0.0527,4506.61,0.061,rail,low_cost,Europe,Europe,normal,0
4316.9,5.36,0.637,2.348,0.306,16827.52,1.062,air,low_cost,Asia,Europe,high,0
6348.8,5.29,3.819,2.978,0.1469,1665.67,2.787,sea,low_cost,Asia,Europe,high,1
4542.9,5.37,1.086,4.513,0.2249,7845.39,2.118,air,low_cost,MENA,MENA,high,1
888.3,2.22,5.433,2.695,0.155,36084.74,1.922,sea,low_cost,MENA,Europe,low,0
6477.1,4.65,7.825,1.674,0.353,13172.05,2.913,sea,low_cost,Europe,Europe,normal,1
403.0,1.0,1.605,2.453,0.4614,155411.47,2.58,air,premium,Asia,Africa,high,1
4960.8,3.1,4.964,1.775,0.2586,3216.43,2.323,air,low_cost,Africa,Asia,low,1
9502.5,6.32,0.326,2.721,0.1157,1481.7,2.616,rail,standard,MENA,Africa,high,0
2163.4,3.64,1.887,0.409,0.169,729.52,3.221,sea,low_cost,Africa,Asia,high,0
3085.2,2.52,0.742,3.531,0.1621,2478.71,2.668,road,low_cost,Asia,Europe,normal,0
478.9,1.43,0.127,0.897,0.1214,15774.45,0.254,air,standard,MENA,MENA,high,1
3842.1,4.45,0.304,5.54,0.3112,83.56,3.858,sea,standard,Africa,Asia,high,1
1570.4,2.79,2.729,2.387,0.3398,2002.68,0.776,air,low_cost,Asia,MENA,normal,1
2545.5,3.56,2.312,3.346,0.2001,199549.71,1.696,road,low_cost,MENA,MENA,normal,1
1969.7,3.28,2.565,4.788,0.2492,2752.98,1.828,rail,low_cost,Asia,Africa,normal,1
996.9,1.28,2.435,5.313,0.1766,18844.48,4.02,air,low_cost,Africa,Asia,normal,1
2257.0,1.55,4.705,1.449,0.1534,5413.56,4.615,air,standard,MENA,Africa,low,1
7113.1,6.79,2.766,3.8,0.4821,19374.71,5.546,road,low_cost,MENA,Asia,high,1
6316.0,4.26,2.745,6.558,0.0464,2187.13,6.953,road,low_cost,MENA,Asia,high,1
5435.6,1.83,5.152,4.799,0.3361,918.78,0.686,rail,low_cost,Asia,Europe,low,1
3044.2,4.14,3.095,2.29,0.7023,7901.3,5.546,road,low_cost,MENA,Europe,normal,1
5708.0,4.66,1.57,4.57,0.56,697.38,3.881,sea,standard,Europe,Asia,normal,1
3686.7,3.89,3.009,5.739,0.2187,728.62,2.048,rail,low_cost,Europe,MENA,normal,1
2024.3,6.11,1.519,5.183,0.1226,372.99,4.688,sea,low_cost,MENA,Asia,high,1
420.4,3.01,3.571,5.832,0.2631,5134.14,2.97,air,low_cost,Africa,Africa,normal,1
4091.2,3.04,1.925,3.28,0.1675,4109.65,5.476,air,low_cost,Asia,Africa,normal,1
6464.7,4.45,3.796,4.481,0.319,12152.07,4.032,air,low_cost,MENA,Asia,normal,1
6783.3,3.5,0.823,3.806,0.078,1432.34,5.128,sea,low_cost,Africa,MENA,normal,1
3884.6,1.29,1.72,3.669,0.1007,2366.06,0.896,air,low_cost,Asia,Europe,normal,0
2958.7,1.41,1.383,4.888,0.1453,4421.95,4.14,sea,low_cost,Asia,Asia,normal,1
5611.8,4.0,2.254,6.335,0.413,1773.42,1.851,rail,low_cost,Asia,MENA,high,1
1766.1,1.0,5.317,1.84,0.0297,4487.76,1.116,sea,standard,Asia,MENA,low,0
3372.9,3.23,2.797,2.661,0.3246,1259.8,2.917,road,standard,Asia,Africa,critical,1
3960.1,1.0,1.31,4.893,0.2717,3767.88,1.795,rail,low_cost,Europe,MENA,normal,1
1269.8,1.44,1.856,5.838,0.1088,486.42,2.274,air,standard,MENA,MENA,low,0
1127.4,1.0,2.969,5.559,0.1949,139092.04,1.727,sea,low_cost,Africa,Asia,critical,1
1341.8,1.09,1.357,3.921,0.1544,1432.58,3.389,sea,low_cost,Asia,Africa,normal,1
2020.1,4.01,2.12,2.616,0.4045,1555.3,1.83,air,premium,Africa,Europe,high,0
9277.0,7.44,4.001,2.904,0.5563,3577.14,3.643,rail,standard,Asia,Asia,normal,1
4045.0,2.67,2.476,5.521,0.1175,166454.53,4.859,air,low_cost,Africa,Asia,high,1
1736.8,2.06,3.438,1.519,0.0994,1652.12,2.456,air,standard,Asia,Europe,normal,0
1741.3,1.92,1.07,3.762,0.2047,2297.6,1.772,sea,low_cost,MENA,MENA,normal,1
3496.5,2.97,2.541,2.994,0.1523,2023.53,0.334,sea,standard,MENA,MENA,normal,0
439.1,1.0,1.297,2.157,0.352,14963.85,0.682,rail,standard,Europe,Asia,high,0
2456.7,2.71,5.446,3.458,0.1209,1797.83,4.81,sea,standard,Europe,MENA,normal,1
216.3,2.05,3.282,2.775,0.213,4946.4,2.42,sea,low_cost,Asia,Africa,normal,1
379.1,1.0,3.536,4.591,0.0961,1835.33,2.001,sea,low_cost,MENA,Asia,critical,1
492.6,1.0,5.832,1.507,0.1008,11875.63,0.688,rail,standard,MENA,Asia,normal,0
6083.5,6.11,3.003,4.551,0.2333,4964.7,6.158,sea,low_cost,Africa,MENA,normal,1
3932.2,3.58,2.839,2.297,0.1506,11407.11,3.548,road,standard,Asia,MENA,normal,1
498.2,1.74,3.037,4.729,0.1054,24419.44,5.225,road,standard,Europe,Africa,low,1
1971.5,5.06,2.329,2.626,0.1219,6399.06,4.202,road,low_cost,Asia,Europe,low,1
332.0,1.0,7.257,2.947,0.2323,4803.53,6.206,road,standard,Europe,MENA,high,1
3427.1,4.8,0.359,4.462,0.0922,956.15,3.28,sea,standard,Asia,Europe,normal,1
10903.7,5.29,5.572,2.556,0.1863,15513.52,2.045,sea,low_cost,MENA,Asia,critical,1
1021.9,1.0,4.909,3.094,0.2364,439687.29,0.769,rail,standard,MENA,MENA,critical,1
4274.1,3.85,4.737,2.328,0.5409,17752.8,1.672,air,standard,Asia,MENA,normal,1
5618.0,5.9,3.896,3.372,0.0955,23968.57,1.642,air,low_cost,Europe,MENA,high,1
5641.2,4.35,4.193,3.634,0.2183,4645.7,6.621,rail,standard,Europe,MENA,normal,1
1310.8,1.0,1.263,3.783,0.2218,116036.55,0.636,air,low_cost,MENA,Asia,normal,0
6351.9,5.1,0.444,2.872,0.162,151.67,4.845,road,low_cost,Europe,Asia,normal,1
2258.1,1.22,0.896,6.477,0.2591,16099.11,2.92,air,low_cost,Africa,Africa,normal,1
17791.7,13.62,4.118,1.657,0.4281,2713.65,1.971,sea,low_cost,MENA,MENA,normal,1
6075.6,5.23,1.334,3.647,0.1419,797.2,5.444,road,low_cost,Asia,Europe,normal,0
1389.5,2.3,1.378,5.332,0.2375,7650.32,3.738,sea,standard,Europe,Africa,high,1
7453.5,5.52,1.729,2.961,0.1939,34963.07,0.509,air,low_cost,Europe,MENA,low,0
1264.4,1.0,2.656,2.925,0.1336,798.38,5.011,road,premium,MENA,Europe,high,0
3793.3,4.11,1.964,2.287,0.187,9912.92,3.401,rail,low_cost,Africa,MENA,critical,1
2341.0,2.09,2.344,4.984,0.0415,4091.33,2.766,sea,low_cost,Europe,Africa,low,0
2792.1,1.64,2.322,7.344,0.0524,5996.3,3.866,sea,low_cost,MENA,Europe,normal,1
929.0,1.3,1.138,2.717,0.4309,2934.68,3.156,sea,low_cost,MENA,MENA,normal,1
4592.5,4.21,1.554,3.33,0.2956,2415.84,2.555,road,low_cost,Europe,Asia,high,1
3321.5,1.94,5.963,3.251,0.2727,751.57,2.957,sea,low_cost,Africa,Africa,normal,1
4041.0,3.46,3.226,2.191,0.3411,61.76,0.739,road,low_cost,Europe,MENA,normal,1
3769.2,3.11,2.457,2.952,0.1925,1996.38,3.864,sea,low_cost,Asia,Europe,normal,1
2417.2,2.59,1.57,1.187,0.405,13961.57,5.695,rail,low_cost,Asia,Asia,normal,1
3894.6,1.6,3.185,1.674,0.3048,26812.42,4.138,air,low_cost,Africa,MENA,low,1
5685.7,1.56,4.242,0.903,0.4768,14848.27,4.175,road,low_cost,MENA,MENA,normal,0
3008.2,1.96,4.228,2.315,0.3907,49847.44,6.739,air,standard,Africa,MENA,normal,1
1340.1,1.33,4.307,6.05,0.2381,3523.13,5.799,air,standard,Asia,Europe,high,1
469.0,4.71,5.25,6.178,0.2299,3380.35,2.35,road,premium,Africa,Europe,normal,1
3020.3,3.54,4.062,2.173,0.1541,7107.83,3.707,sea,low_cost,Europe,Europe,normal,1
244.7,1.0,1.355,3.96,0.1933,6525.55,2.634,air,low_cost,Europe,Europe,normal,0
4120.4,4.31,1.118,3.76,0.5331,784.6,2.847,sea,low_cost,Asia,Africa,normal,1
4473.4,4.11,4.391,2.326,0.1486,11655.88,3.982,air,low_cost,Asia,Africa,normal,1
674.8,1.45,1.556,3.307,0.3645,132868.62,3.214,air,low_cost,MENA,Africa,low,0
3666.3,1.62,2.744,5.024,0.3505,15893.43,1.094,air,low_cost,Asia,Europe,normal,1
1439.6,1.0,0.844,3.626,0.1673,736.19,2.855,rail,standard,Africa,Africa,high,0
3733.6,1.3,1.915,1.186,0.3346,888.84,2.084,sea,standard,Africa,Africa,low,0
740.3,1.0,6.06,1.398,0.5825,3696.32,5.887,road,premium,Africa,MENA,normal,1
1075.3,1.0,4.076,1.966,0.6669,4136.93,3.43,air,low_cost,MENA,Africa,normal,1
7627.3,3.36,4.282,1.569,0.246,36605.93,0.963,sea,low_cost,Africa,Europe,critical,1
453.3,1.0,1.603,2.489,0.5593,4570.58,1.379,rail,standard,Africa,Asia,normal,1
6898.3,6.3,2.694,6.514,0.4094,2376.65,1.099,sea,standard,Europe,Europe,normal,1
3296.7,1.44,1.63,3.875,0.158,28050.7,5.529,air,low_cost,Europe,Asia,high,1
1305.3,2.05,2.5,6.354,0.6439,6527.36,3.913,air,low_cost,Europe,Europe,low,1
2074.7,2.36,1.858,4.025,0.1617,7398.81,3.941,road,low_cost,MENA,MENA,low,1
7009.8,4.69,1.481,3.894,0.4033,5774.1,1.013,rail,low_cost,Asia,Asia,high,1
1483.7,1.0,3.194,6.291,0.3084,13554.65,4.934,air,low_cost,Asia,Europe,normal,1
4058.3,4.35,2.662,2.201,0.2049,49842.68,4.447,sea,low_cost,Europe,Europe,normal,1
4936.3,4.3,2.158,1.554,0.2276,2247.81,1.69,road,low_cost,Asia,Africa,low,1
1806.4,1.0,1.212,8.328,0.0827,20138.6,1.426,road,low_cost,Asia,Europe,high,1
3352.1,1.39,1.465,1.569,0.2263,51099.55,1.615,road,standard,Africa,Africa,critical,0
1231.2,1.0,2.65,2.807,0.4116,8352.14,3.429,sea,low_cost,Europe,Europe,low,1
4569.4,5.58,2.576,1.205,0.0591,3135.37,0.747,sea,low_cost,Europe,Asia,normal,0
3258.5,2.74,2.874,2.578,0.2162,172.09,6.407,sea,low_cost,Africa,Africa,high,1
763.9,2.46,4.449,0.483,0.0929,31070.3,4.427,air,low_cost,Asia,Europe,normal,0
8174.7,5.77,2.493,1.633,0.3182,2633.64,4.532,air,low_cost,MENA,MENA,normal,1
2894.3,1.7,4.449,3.223,0.3629,6195.39,2.889,air,low_cost,Africa,Africa,critical,1
5057.0,4.66,2.049,6.068,0.2289,5571.47,0.795,sea,low_cost,Asia,MENA,normal,1
4783.8,3.11,4.618,1.988,0.638,15656.41,0.439,road,low_cost,Europe,Asia,low,1
2678.8,2.25,1.401,4.476,0.4965,10305.0,0.786,sea,low_cost,Asia,Asia,normal,1
5294.0,3.41,2.107,2.093,0.2368,559.39,2.256,road,standard,Europe,Asia,normal,1
2888.4,1.0,2.87,3.126,0.1466,7531.59,3.98,sea,low_cost,Asia,Europe,normal,1
1647.7,3.29,3.696,4.126,0.2943,391.12,2.897,air,standard,Africa,Europe,normal,1
1902.8,1.05,2.559,1.988,0.0385,75122.85,4.632,air,low_cost,Africa,MENA,low,0
1715.3,2.12,1.117,4.536,0.0323,2700.14,2.073,sea,low_cost,Africa,MENA,normal,0
4976.9,3.38,0.418,3.279,0.3002,4949.23,0.166,road,low_cost,Asia,Africa,low,0
3759.2,2.14,3.768,1.901,0.4386,19797.47,3.524,sea,premium,Asia,Europe,normal,1
6654.2,6.87,1.022,2.925,0.2351,2426.37,2.764,sea,low_cost,MENA,Asia,high,1
2926.9,1.64,2.95,3.952,0.2247,7890.3,3.981,road,low_cost,Europe,MENA,high,1
824.0,1.28,4.556,0.489,0.0982,8534.4,2.279,sea,standard,MENA,Europe,critical,0
5430.8,4.08,2.438,6.097,0.3033,1519.3,4.813,road,low_cost,Europe,Asia,low,1
1000.6,1.54,2.23,5.901,0.1596,12845.31,0.834,air,standard,Europe,MENA,critical,0
774.4,1.0,3.566,4.336,0.4246,875.9,2.471,rail,standard,Africa,Asia,normal,1
8637.2,6.5,3.698,0.72,0.1023,491.16,2.458,air,low_cost,Europe,Africa,normal,0
3617.5,4.85,3.577,2.821,0.4759,5981.57,2.165,sea,low_cost,Europe,Europe,normal,1
1893.3,1.0,3.125,3.344,0.166,158.59,2.783,road,low_cost,Asia,Asia,high,1
740.5,1.0,4.044,3.494,0.3039,976.77,1.395,sea,standard,Europe,Asia,high,1
4954.6,3.73,2.915,2.924,0.1909,4932.06,4.564,rail,standard,Asia,Europe,high,1
5318.3,2.85,2.284,5.516,0.0787,3393.09,4.213,road,low_cost,Asia,Europe,normal,1
1470.7,2.55,1.228,5.876,0.2715,661.66,2.422,sea,low_cost,Asia,MENA,low,1
1907.4,2.94,1.616,3.451,0.4259,1312.76,1.475,sea,low_cost,MENA,Asia,normal,1
1287.6,1.0,1.383,2.455,0.2286,2607.19,1.023,sea,low_cost,Asia,Africa,low,0
1504.6,1.0,1.872,2.653,0.5604,8287.92,3.906,road,premium,MENA,Asia,high,1
70.0,1.0,1.495,3.709,0.2952,1010.9,7.418,sea,standard,MENA,Africa,high,1
6461.1,4.3,2.274,5.797,0.1237,369.1,2.072,sea,low_cost,Asia,Asia,low,1
2087.7,1.24,5.981,2.107,0.136,5541.53,0.92,sea,low_cost,MENA,Asia,normal,1
2258.3,2.89,0.765,2.197,0.3567,2206.49,3.411,sea,low_cost,Africa,Europe,low,1
3487.0,4.31,1.553,6.744,0.1178,3248.86,2.391,sea,low_cost,Africa,MENA,normal,1
2175.1,2.69,1.301,3.164,0.2131,1456.37,1.895,road,low_cost,MENA,Europe,normal,1
1793.8,1.99,2.373,3.134,0.087,46038.45,0.986,air,standard,Europe,Europe,normal,0
4565.9,2.04,0.861,0.883,0.43,4441.15,2.999,road,standard,MENA,Europe,low,1
912.9,1.66,0.917,4.457,0.0607,1901.08,1.841,sea,low_cost,Africa,MENA,critical,0
7734.4,5.86,3.281,1.462,0.4472,206.14,2.525,sea,low_cost,Africa,Asia,high,1
4397.2,4.25,7.15,5.307,0.1637,1213.02,3.761,air,standard,MENA,Asia,high,1
3839.6,4.71,3.671,3.845,0.2259,5358.89,0.66,road,standard,Asia,MENA,high,1
2785.6,1.0,2.128,0.584,0.1121,7666.12,3.938,air,standard,MENA,Asia,low,0
677.1,1.22,4.932,3.719,0.1782,4571.38,1.479,air,low_cost,Asia,Africa,normal,1
1447.1,1.0,0.23,4.541,0.2366,29633.68,3.819,air,low_cost,Africa,Africa,high,0
2185.3,2.81,2.762,2.792,0.3523,23061.19,5.661,air,low_cost,Asia,Europe,normal,1
6400.6,6.97,3.044,1.667,0.084,1667.48,3.134,air,standard,Europe,Europe,low,0
3198.8,3.61,3.395,5.801,0.3146,2972.74,4.635,sea,low_cost,Asia,Africa,normal,1
6019.2,5.08,3.436,1.004,0.0738,25187.5,2.875,air,low_cost,Europe,Asia,normal,0
1783.2,1.0,2.041,0.675,0.0856,3849.42,2.987,sea,standard,Europe,Africa,normal,1
18229.8,14.98,1.316,1.091,0.0718,8083.54,0.505,air,low_cost,MENA,Europe,normal,0
757.8,2.26,2.901,1.719,0.1226,461.23,2.038,rail,low_cost,Africa,MENA,high,0
2208.4,1.0,2.743,6.116,0.1093,1558.1,2.461,air,low_cost,Europe,Asia,normal,1
1122.6,1.0,4.722,0.289,0.1671,4533.6,2.343,road,low_cost,Europe,Asia,normal,1
1574.6,1.47,3.732,4.249,0.3929,2220.92,6.671,road,low_cost,Europe,Europe,normal,0
1971.3,3.64,1.13,1.801,0.0141,3423.94,0.416,air,standard,Asia,MENA,high,0
2291.2,2.62,3.849,4.128,0.3205,95362.13,4.72,sea,standard,Africa,MENA,critical,1
1446.7,1.0,2.685,2.307,0.479,265.48,4.233,sea,standard,Asia,Africa,normal,1
3148.6,1.41,2.558,2.361,0.363,2123.64,2.287,rail,low_cost,Asia,Africa,normal,1
887.5,1.0,1.595,1.662,0.2996,727.95,0.713,road,low_cost,Europe,MENA,high,0
10003.1,5.55,2.042,4.384,0.3025,7883.17,2.207,road,low_cost,Africa,Europe,low,1
2378.7,2.63,2.81,5.39,0.2613,5088.11,4.954,air,low_cost,Africa,Africa,low,1
2010.6,1.0,2.461,3.085,0.4059,2240.02,1.214,air,low_cost,MENA,Africa,normal,1
1718.9,2.61,1.444,3.629,0.1737,5867.75,2.138,air,low_cost,Africa,Europe,low,0
2558.7,1.0,2.957,3.575,0.174,2032.69,1.586,rail,low_cost,Europe,Asia,critical,1
2782.4,2.3,2.048,1.395,0.2245,2589.64,1.872,road,low_cost,Europe,MENA,low,0
2044.5,3.34,3.444,0.788,0.3247,5316.79,3.36,road,low_cost,Asia,Africa,high,1
1105.9,1.0,2.436,2.719,0.3393,7115.0,2.364,sea,standard,MENA,Africa,normal,1
5795.1,5.64,2.592,4.792,0.1691,6770.86,6.225,road,standard,Europe,Africa,low,1
2115.8,1.97,1.731,2.155,0.4289,13880.87,6.336,sea,low_cost,Asia,MENA,low,1
6307.6,5.63,1.592,0.572,0.4,106698.9,2.419,road,standard,Europe,Europe,normal,1
4546.2,4.32,2.721,3.707,0.105,206.53,0.331,road,low_cost,MENA,Africa,normal,0
3821.5,6.18,3.635,2.465,0.222,9467.96,3.313,sea,low_cost,MENA,Asia,critical,1
1018.9,1.0,0.696,3.3,0.041,3348.88,4.774,road,premium,Europe,MENA,high,0
2122.9,1.0,1.764,3.114,0.1772,1112.01,1.862,air,standard,Asia,Africa,high,0
2687.3,1.0,0.732,2.899,0.4019,5407.26,1.928,air,low_cost,Asia,Europe,normal,1
2095.4,1.39,6.987,4.951,0.2002,13906.95,3.338,road,standard,Asia,Europe,normal,1
2473.0,1.13,5.797,2.459,0.3559,11699.81,1.257,air,low_cost,Europe,Asia,low,1
7507.9,6.92,3.087,3.842,0.3302,37977.72,1.364,sea,standard,Asia,Asia,low,1
1841.1,2.01,5.267,6.792,0.0535,272.34,3.619,air,low_cost,Europe,Africa,critical,1
6232.5,4.18,4.119,4.725,0.1886,8521.89,3.503,sea,low_cost,MENA,Africa,high,1
5042.2,2.66,3.475,3.989,0.2894,5918.41,1.11,air,standard,Asia,Africa,normal,1
1726.5,2.3,0.245,1.567,0.0297,1142.41,1.145,sea,low_cost,MENA,Europe,normal,0
682.1,1.0,3.222,4.897,0.1301,40416.78,1.494,air,low_cost,Africa,Africa,normal,0
860.0,1.0,2.526,0.623,0.1289,33759.01,4.936,sea,low_cost,Asia,Asia,normal,1
2082.9,2.46,1.964,0.795,0.4795,12325.6,0.437,road,standard,Asia,Asia,low,0
7840.3,4.34,2.198,1.275,0.2727,2194.83,0.671,sea,standard,MENA,Asia,low,0
3943.4,2.49,4.952,4.032,0.4033,9514.3,3.07,air,low_cost,Africa,Asia,normal,1
4373.8,4.22,3.723,3.361,0.3007,1179.95,1.383,road,low_cost,Asia,MENA,normal,1
4755.3,5.54,3.316,4.177,0.2314,655.28,1.397,road,standard,Europe,Europe,critical,1
4613.7,3.52,2.183,2.423,0.3278,4541.43,2.561,air,low_cost,Asia,Asia,low,1
1505.5,3.76,5.753,4.943,0.1482,10331.61,1.192,air,low_cost,Asia,Africa,normal,1
1330.2,1.0,0.464,3.44,0.0334,7543.94,5.857,sea,low_cost,Europe,Africa,normal,1
3564.9,2.71,3.028,1.453,0.4428,13956.14,0.959,sea,premium,Europe,Africa,normal,1
2852.2,1.0,3.426,1.499,0.3602,3438.87,3.782,road,standard,Europe,MENA,normal,1
4029.3,2.07,5.346,1.168,0.5665,2527.07,2.126,air,standard,MENA,Europe,critical,1
1938.6,2.57,2.539,7.449,0.2394,13683.71,3.85,rail,low_cost,MENA,Asia,low,1
4914.0,4.24,5.154,3.389,0.5735,4637.08,1.219,sea,low_cost,Asia,MENA,normal,1
5074.1,3.7,5.397,2.061,0.1614,2833.91,2.44,air,low_cost,Africa,Africa,normal,1
1518.7,1.0,2.659,2.727,0.194,3993.32,2.369,rail,low_cost,Asia,Europe,normal,1
386.8,1.0,1.847,1.26,0.3845,8886.32,0.995,road,low_cost,Africa,Asia,high,1
4033.7,4.52,3.467,4.774,0.2413,4010.91,2.003,air,standard,MENA,MENA,normal,1
5129.7,4.39,8.299,1.592,0.4396,5944.87,3.098,air,low_cost,Europe,Europe,low,1
5533.2,3.14,3.478,6.864,0.2384,6504.3,1.277,air,low_cost,Africa,MENA,low,1
6085.4,3.73,2.095,0.913,0.205,31868.06,3.125,road,low_cost,Africa,Africa,high,0
1010.1,1.22,0.518,1.598,0.2854,6281.26,1.509,sea,low_cost,Europe,MENA,normal,0
1609.5,2.42,1.688,4.31,0.1416,50804.39,5.744,sea,standard,Africa,Africa,normal,1
1354.6,3.01,2.492,1.081,0.2401,2603.18,2.222,rail,standard,Asia,Europe,critical,0
989.2,1.0,4.008,5.301,0.0538,5838.7,1.924,air,premium,MENA,Asia,normal,1
3446.7,3.13,6.839,2.046,0.0913,52580.67,3.508,sea,low_cost,MENA,Africa,normal,1
2212.3,1.0,3.435,3.185,0.0841,1219.27,0.671,road,low_cost,Asia,Europe,normal,0
2460.5,1.68,1.148,4.2,0.1918,1418.77,4.22,air,low_cost,MENA,Africa,high,1
4166.0,4.36,4.79,2.548,0.2965,691.18,1.89,road,low_cost,Africa,Europe,critical,1
3689.2,3.74,6.648,5.409,0.2333,2220.64,4.956,sea,low_cost,Asia,MENA,normal,1
4590.6,5.08,0.859,5.916,0.5115,1868.43,0.587,rail,low_cost,MENA,Europe,normal,1
3485.3,2.72,3.997,5.078,0.1045,5791.73,1.779,sea,low_cost,Asia,Asia,critical,1
8017.0,3.64,0.821,1.828,0.1981,3441.57,3.341,road,low_cost,MENA,MENA,low,0
3125.4,2.04,0.929,4.301,0.2497,991.87,5.177,air,low_cost,MENA,Africa,normal,1
2938.9,3.08,2.621,1.577,0.0735,763.75,6.991,sea,low_cost,Africa,MENA,low,1
4276.0,1.92,2.142,4.854,0.2469,2489.02,4.189,air,standard,Europe,Europe,normal,1
6305.5,3.1,2.736,4.735,0.3591,3681.01,3.222,road,standard,Africa,MENA,high,1
518.5,1.62,2.738,4.056,0.2003,324.98,2.787,sea,low_cost,Europe,MENA,high,1
3628.4,2.6,2.253,1.361,0.3549,3643.42,2.762,road,low_cost,Europe,Asia,critical,1
1861.6,1.19,4.976,2.899,0.0751,700.27,2.405,sea,low_cost,Asia,Asia,normal,1
1445.8,1.49,1.469,3.407,0.0566,11874.07,1.472,sea,standard,Europe,MENA,normal,0
880.5,1.89,0.836,5.457,0.1166,1974.32,1.113,sea,low_cost,Africa,Africa,normal,0
2264.5,3.85,4.167,6.256,0.0585,494.4,3.587,rail,standard,MENA,Asia,critical,1
4309.0,3.54,2.804,2.071,0.1174,736.68,5.485,sea,low_cost,MENA,Asia,critical,1
5114.5,3.47,4.369,2.284,0.3601,1094.32,0.142,sea,standard,Africa,Africa,normal,1
5906.1,5.12,6.542,0.352,0.4425,25081.92,1.077,sea,standard,Europe,MENA,normal,1
4756.7,5.23,4.229,5.324,0.2803,19092.31,0.666,air,low_cost,Asia,MENA,normal,1
2762.3,2.13,1.015,1.573,0.4862,10089.16,2.459,sea,low_cost,Africa,Asia,critical,1
1124.3,1.8,2.989,5.494,0.2872,34602.58,2.637,rail,low_cost,Asia,Africa,high,1
3946.4,3.27,6.759,6.662,0.1647,13057.51,3.076,air,low_cost,MENA,MENA,normal,1
1322.0,1.0,1.179,1.458,0.1915,4649.9,2.815,air,standard,Europe,MENA,normal,0
970.1,1.0,0.371,4.807,0.2506,6839.19,1.672,sea,standard,Africa,MENA,normal,1
4129.1,3.6,1.174,5.603,0.1236,20471.09,3.376,road,low_cost,Europe,Europe,normal,1
1335.8,1.0,3.229,2.607,0.3537,17146.68,5.139,road,low_cost,Europe,MENA,high,1
522.4,1.0,2.757,4.261,0.3881,1338.21,4.644,road,low_cost,MENA,Africa,critical,1
2845.6,1.92,5.96,2.079,0.3447,6143.96,0.464,air,low_cost,Africa,Europe,high,1
2083.3,1.0,1.961,3.085,0.1539,37962.98,0.876,road,low_cost,MENA,Africa,normal,0
3201.3,2.68,4.074,6.305,0.2488,2757.5,3.878,air,low_cost,Europe,Asia,normal,1
839.4,1.0,0.647,3.375,0.5651,73053.55,3.268,rail,standard,Africa,MENA,normal,1
2782.9,2.04,0.955,3.766,0.3553,608.48,2.282,air,low_cost,MENA,Africa,low,1
8030.0,6.54,6.983,4.602,0.1987,70685.02,3.671,road,standard,Africa,MENA,high,1
2609.3,2.65,3.556,5.692,0.3134,1815.46,1.047,sea,standard,Asia,Africa,high,1
3864.8,4.02,4.016,3.704,0.1712,5315.33,3.444,air,standard,Asia,Africa,high,1
1990.0,1.86,5.101,2.244,0.1098,23413.5,2.131,sea,standard,MENA,MENA,normal,1
6799.0,5.03,1.642,0.56,0.1744,17194.35,1.975,sea,low_cost,Europe,Africa,normal,0
1521.5,1.0,1.238,3.778,0.2987,26938.73,4.775,sea,low_cost,Asia,Asia,normal,1
2168.2,3.31,2.177,5.226,0.6151,10967.23,3.073,air,low_cost,Asia,Asia,high,1
6025.2,1.48,0.973,2.328,0.3861,3159.68,3.542,sea,low_cost,MENA,MENA,critical,1
3145.0,3.62,4.198,1.206,0.4683,1283.25,1.842,road,low_cost,Africa,Asia,normal,1
4044.6,1.44,1.364,1.901,0.4245,1012.74,4.534,sea,low_cost,Africa,MENA,normal,1
10051.5,6.41,4.144,2.966,0.1236,7579.31,0.803,road,low_cost,Europe,Asia,normal,1
2466.8,1.81,2.795,2.581,0.1489,4078.77,6.342,road,premium,MENA,Europe,normal,1
1610.3,1.0,1.519,1.816,0.4404,1838.88,1.335,air,premium,Asia,MENA,normal,0
2608.1,1.19,1.774,3.637,0.1804,2951.28,3.428,road,low_cost,MENA,MENA,normal,1
1355.3,1.41,6.221,1.793,0.3965,4102.35,2.856,road,low_cost,Asia,MENA,high,1
3062.2,3.47,3.243,4.43,0.1623,709.17,3.22,road,premium,Asia,Africa,high,1
2121.8,2.5,1.131,7.418,0.2747,6201.68,1.106,rail,low_cost,Asia,Africa,normal,1
2461.9,5.38,1.189,4.284,0.0797,6311.09,2.106,road,low_cost,Africa,Asia,normal,1
848.1,1.0,4.287,1.482,0.3862,11854.43,1.892,sea,standard,Europe,Africa,low,1
740.5,3.15,3.131,1.426,0.3826,5403.07,3.466,air,standard,Europe,Asia,normal,1
3997.3,1.71,5.445,1.141,0.1238,668.56,0.777,road,low_cost,Africa,Africa,normal,1
1685.1,3.79,3.686,2.432,0.3682,267.38,2.63,sea,standard,Africa,Africa,normal,1
3455.2,1.39,0.614,5.785,0.298,4064.15,4.287,sea,low_cost,Africa,Africa,normal,1
421.0,2.7,3.305,6.535,0.2045,3233.31,2.123,rail,standard,Africa,MENA,high,1
1485.5,3.75,1.877,1.203,0.2653,1327.16,6.814,sea,low_cost,Europe,MENA,low,1
2335.7,2.66,1.939,3.977,0.4101,4608.71,4.036,road,low_cost,Africa,Europe,critical,1
3144.7,1.39,3.839,3.37,0.2772,9006.44,4.908,rail,low_cost,Africa,Asia,high,1
4986.5,4.93,3.115,3.812,0.0893,3747.16,7.13,road,low_cost,MENA,MENA,critical,1
2706.2,1.0,0.845,4.208,0.2008,1498.37,1.446,air,premium,Africa,Africa,normal,0
1411.2,1.0,3.123,2.012,0.1781,27578.41,2.556,road,low_cost,Europe,Africa,low,1
3031.2,3.01,4.023,4.666,0.3615,3626.2,2.85,road,standard,Africa,Europe,normal,1
2203.6,2.93,1.962,1.124,0.1743,4530.99,4.394,air,standard,Asia,MENA,normal,0
3389.4,2.88,0.666,3.508,0.2477,19261.02,2.164,rail,standard,Europe,Asia,low,0
2793.7,1.0,1.632,4.952,0.5553,2632.76,2.125,rail,standard,Europe,Europe,critical,1
4827.7,1.81,4.799,4.434,0.1695,11197.27,2.198,road,premium,MENA,Asia,normal,1
4024.2,3.75,3.984,1.302,0.4429,3698.62,3.715,road,standard,Europe,MENA,critical,1
3901.0,3.86,2.71,2.012,0.2476,1248.7,5.896,road,low_cost,Africa,Europe,normal,1
4304.3,2.92,6.86,0.666,0.6393,4280.84,1.153,air,low_cost,Africa,Africa,normal,1
1421.6,2.01,0.069,0.261,0.2532,2509.06,2.9,sea,low_cost,Asia,Europe,normal,0
1229.7,1.0,0.633,1.823,0.5412,1736.1,2.355,sea,low_cost,Europe,Asia,normal,1
6195.1,3.63,1.964,3.467,0.4453,681.05,2.537,sea,low_cost,Europe,MENA,normal,1
1402.7,3.7,3.472,2.94,0.4364,8331.46,2.012,sea,low_cost,Africa,MENA,normal,1
2699.6,3.33,0.574,5.681,0.2497,3680.75,0.816,air,standard,Africa,MENA,normal,0
1729.5,2.84,0.36,4.736,0.1599,1756.85,3.011,road,low_cost,MENA,Africa,low,1
3698.0,2.93,0.601,0.223,0.4602,10301.79,2.373,sea,premium,Africa,Europe,high,1
1540.0,1.24,0.762,2.306,0.3437,631.5,2.204,air,standard,MENA,Africa,normal,0
8475.3,7.07,2.606,2.511,0.5988,867.7,0.9,air,low_cost,MENA,Africa,high,1
3455.9,2.2,1.873,3.396,0.1421,1351.78,4.141,air,low_cost,MENA,MENA,normal,0
2237.4,2.64,3.888,4.234,0.159,59592.2,1.873,road,low_cost,Europe,MENA,critical,1
568.2,2.14,3.834,4.194,0.1275,8241.8,1.387,sea,low_cost,Africa,MENA,low,1
2332.7,1.79,2.487,4.251,0.0984,25492.56,1.913,sea,low_cost,Africa,Asia,normal,1
16077.9,9.97,3.518,2.441,0.3676,2886.79,4.452,air,low_cost,Africa,Africa,critical,0
1583.8,1.66,3.066,4.831,0.2804,876.09,4.285,air,low_cost,MENA,Europe,high,1
249.4,1.0,5.142,5.154,0.2802,1595.69,2.858,sea,standard,MENA,Europe,normal,1
3492.7,5.36,2.761,6.189,0.1343,1032.16,2.776,sea,standard,MENA,Africa,high,0
3856.7,4.06,3.573,2.738,0.0203,9818.57,1.779,sea,low_cost,Africa,Africa,normal,1
8973.6,5.91,3.792,4.029,0.398,3449.61,5.168,air,standard,Europe,Asia,critical,1
1335.0,2.11,0.761,2.715,0.0672,3787.9,1.921,road,low_cost,Africa,Africa,normal,0
600.5,2.16,0.532,1.794,0.2785,12537.42,0.076,sea,low_cost,Asia,MENA,normal,0
2439.4,1.7,4.908,0.359,0.1073,540.04,5.451,road,low_cost,MENA,Europe,high,1
3247.3,1.05,0.533,1.284,0.2709,2434.31,2.981,road,standard,MENA,Asia,normal,0
529.9,1.0,5.308,6.229,0.5507,3425.45,0.932,road,low_cost,Asia,Europe,normal,1
801.7,1.0,1.258,2.092,0.0789,1287.81,3.113,sea,premium,Asia,Africa,normal,0
4670.2,3.04,3.924,2.405,0.1762,4460.4,2.084,road,low_cost,Europe,MENA,normal,1
5209.3,4.16,2.946,5.382,0.2488,1265.15,8.196,road,standard,Europe,Asia,low,1
945.4,1.0,1.997,0.571,0.0882,1086.96,2.058,sea,low_cost,Asia,Asia,low,0
5608.3,3.18,3.186,2.475,0.24,74159.86,4.056,road,low_cost,MENA,Asia,low,0
2938.2,1.73,0.131,3.963,0.2542,13814.39,2.281,air,premium,Europe,MENA,normal,0
3480.4,2.88,3.143,3.506,0.3478,485.14,2.082,air,low_cost,Asia,Asia,normal,1
9492.1,7.67,3.674,2.622,0.59,8112.04,3.587,air,low_cost,Africa,Africa,low,1
1095.9,1.0,3.298,0.323,0.0304,3411.88,2.493,air,low_cost,Europe,Europe,high,0
3087.1,2.91,5.867,1.97,0.3371,29939.93,3.149,air,low_cost,Europe,Europe,high,1
7151.2,4.73,3.989,3.462,0.2708,22664.1,4.134,air,low_cost,Europe,Europe,normal,1
3805.5,1.75,3.953,2.948,0.1773,4664.29,0.989,sea,low_cost,Africa,Africa,high,1
5108.4,2.37,0.463,0.468,0.3723,22871.01,3.799,road,low_cost,Africa,MENA,high,1
1628.0,1.0,3.819,2.523,0.1744,3268.34,5.099,road,premium,MENA,Europe,high,1
3416.3,3.66,3.363,7.446,0.4216,6533.76,2.984,sea,low_cost,MENA,MENA,normal,1
4370.6,3.52,3.04,5.089,0.5268,232187.92,4.053,sea,low_cost,Asia,Africa,high,0
6415.9,5.26,2.384,5.172,0.1716,121555.99,1.718,sea,low_cost,Europe,Europe,high,1
6031.6,5.75,4.424,4.853,0.3639,4794.14,1.098,sea,low_cost,Europe,MENA,normal,1
584.5,2.01,0.809,0.757,0.317,12989.56,5.11,sea,low_cost,Africa,Europe,normal,1
5784.5,4.45,2.491,1.624,0.2898,14137.54,2.987,road,low_cost,Asia,Europe,high,1
1859.0,2.06,2.85,4.966,0.6628,84061.59,3.67,sea,premium,Africa,Asia,low,1
2790.0,1.43,1.762,4.66,0.2541,4533.1,3.332,sea,low_cost,Europe,Europe,normal,1
2118.9,2.86,0.237,3.845,0.4054,9092.64,3.859,air,low_cost,Europe,Europe,low,1
2661.1,1.56,7.484,3.957,0.4035,1158.58,3.209,air,low_cost,MENA,MENA,high,1
4048.1,5.46,2.952,1.113,0.4692,21798.34,5.767,sea,low_cost,Europe,MENA,critical,1
5159.3,3.0,4.289,2.637,0.0784,56414.56,2.147,air,low_cost,Africa,Africa,normal,0
4291.3,3.8,1.96,5.875,0.4405,28555.12,6.292,air,standard,Africa,Europe,low,1
4745.5,3.25,1.032,4.504,0.1583,2501.4,1.701,road,low_cost,Europe,MENA,normal,1
1575.8,1.0,1.698,8.463,0.3259,561.92,1.728,air,low_cost,MENA,Europe,normal,0
6618.5,3.91,0.597,3.273,0.0953,688.41,1.707,sea,premium,MENA,MENA,low,0
4112.3,3.92,1.62,3.434,0.296,436.83,1.728,sea,low_cost,Africa,Europe,critical,1
450.9,1.0,0.444,3.322,0.565,6380.62,1.004,road,low_cost,MENA,MENA,high,1
3299.4,3.36,6.873,5.054,0.2971,4960.9,5.187,road,low_cost,Africa,Asia,normal,1
1180.6,1.0,3.055,3.436,0.1356,4736.88,3.57,road,low_cost,MENA,MENA,high,1
4824.1,2.16,4.074,2.142,0.2479,2025.33,1.518,sea,premium,Europe,Europe,normal,1
2384.0,1.0,5.762,0.215,0.0406,4192.2,2.618,air,standard,Europe,Europe,normal,0
5080.1,4.7,1.252,2.172,0.2023,2169.16,2.47,road,standard,Africa,Europe,normal,0
3778.4,3.23,1.951,2.22,0.0809,34485.58,2.278,air,standard,MENA,Europe,high,0
4369.8,2.8,2.251,6.565,0.532,13632.0,2.281,sea,low_cost,MENA,Europe,low,1
6295.9,3.66,2.008,2.671,0.3883,27682.94,3.216,road,low_cost,Asia,MENA,low,1
5417.7,3.79,2.394,2.634,0.2888,15919.05,4.545,sea,low_cost,Europe,Africa,low,1
2769.1,1.0,4.247,3.982,0.1797,2145.75,4.293,sea,low_cost,MENA,Asia,normal,1
5483.0,5.26,0.863,0.666,0.3805,308.37,2.961,air,low_cost,Asia,Asia,high,0
1194.5,2.29,1.03,0.62,0.0483,26974.11,3.31,air,low_cost,Europe,MENA,low,0
9984.1,8.36,1.275,4.148,0.1781,323.71,1.676,rail,standard,MENA,Africa,critical,0
1756.8,4.15,0.403,2.1,0.3366,4805.76,1.921,air,standard,MENA,Asia,normal,0
1062.0,1.11,1.523,1.91,0.2913,4134.09,0.222,air,standard,Africa,Asia,high,0
1362.6,1.0,6.351,4.899,0.2841,593.1,4.751,rail,standard,MENA,Europe,normal,1
894.1,2.51,5.605,3.307,0.2535,1601.51,3.61,air,premium,MENA,Africa,critical,1
4208.6,3.52,1.161,8.403,0.2257,16452.97,1.46,air,low_cost,Africa,Asia,high,1
2539.3,2.95,4.171,7.117,0.3363,18343.43,2.884,sea,standard,Africa,Africa,normal,1
4038.9,3.92,2.498,6.317,0.1056,3016.66,1.161,rail,low_cost,Africa,MENA,critical,1
1039.1,1.4,1.0,4.072,0.2437,1481.4,0.978,road,premium,Africa,Asia,normal,0
1579.6,1.94,2.442,7.556,0.415,2155.36,1.856,air,low_cost,Europe,Africa,normal,1
1432.3,2.68,5.877,2.648,0.2916,15770.21,0.368,air,low_cost,Asia,Asia,low,1
3434.4,3.22,0.121,5.706,0.1881,1530.47,2.301,sea,low_cost,Europe,MENA,normal,1
1316.3,1.0,1.004,4.303,0.1458,1112.11,5.76,sea,low_cost,Europe,Africa,high,1
1047.2,1.0,1.163,6.68,0.1821,7722.85,4.972,road,standard,Africa,Asia,low,1
829.2,2.23,4.042,0.341,0.4338,1984.16,3.686,road,standard,Asia,Africa,high,1
1292.4,3.71,4.073,2.941,0.4896,925.34,2.578,air,low_cost,MENA,MENA,normal,1
761.8,1.0,2.747,3.972,0.0741,201732.74,5.625,road,standard,Africa,MENA,low,1
249.9,1.07,4.011,3.065,0.1176,7315.51,5.904,road,standard,Europe,Africa,normal,1
798.9,1.29,2.308,3.974,0.0845,30877.81,3.262,air,standard,Europe,MENA,normal,0
4435.8,4.36,1.022,2.805,0.2307,16465.63,4.629,sea,low_cost,MENA,Africa,high,1
4797.5,3.56,0.042,2.69,0.0969,6331.8,2.551,air,low_cost,Africa,Asia,high,0
736.5,2.45,3.05,3.648,0.3412,7073.84,1.67,air,low_cost,Africa,MENA,high,1
6757.7,6.85,3.923,2.964,0.1541,1052.58,2.238,air,low_cost,Asia,Africa,normal,1
2450.8,1.55,5.498,6.122,0.1422,23699.85,0.55,sea,low_cost,Europe,Africa,low,1
3450.9,3.72,4.54,6.567,0.2141,44346.32,3.919,sea,low_cost,Asia,Africa,normal,1
2215.8,1.95,0.758,2.471,0.1609,42699.11,3.343,rail,low_cost,Asia,Asia,normal,0
1295.6,1.41,0.434,2.196,0.3293,1383.92,2.827,sea,low_cost,MENA,Asia,low,1
2432.2,5.13,5.044,3.526,0.124,179.32,4.753,air,low_cost,Africa,Asia,low,1
4490.8,2.97,1.652,5.959,0.3378,1213.71,2.813,air,low_cost,Asia,Asia,critical,1
1630.9,1.1,3.234,3.326,0.085,1237.2,3.562,road,low_cost,MENA,Asia,critical,1
731.0,1.0,4.55,0.705,0.1234,12381.73,2.716,sea,low_cost,Europe,Asia,low,1
10183.9,7.94,0.509,2.039,0.4024,140171.71,1.293,sea,low_cost,Asia,Europe,normal,1
7531.3,4.85,0.539,3.167,0.2917,24902.75,3.179,sea,standard,Asia,Asia,normal,1
2080.5,1.8,2.119,1.813,0.0881,9726.93,1.55,sea,low_cost,Asia,Asia,normal,0
2103.6,1.0,1.14,3.671,0.1024,20798.15,5.17,rail,low_cost,MENA,Europe,high,1
1977.2,1.0,2.521,2.59,0.1453,5355.97,0.466,air,premium,Asia,Europe,normal,0
2585.2,3.48,0.829,5.952,0.436,2442.57,2.717,rail,low_cost,Africa,MENA,normal,1
6316.1,2.33,2.575,0.643,0.1001,21542.14,4.496,road,low_cost,Asia,MENA,high,0
1479.6,2.81,3.007,3.027,0.4942,1017.9,1.372,sea,low_cost,MENA,MENA,low,1
1097.0,1.0,2.05,4.933,0.4939,7893.79,0.386,road,standard,Africa,Africa,high,1
3965.9,2.73,3.901,1.645,0.0576,21518.39,1.068,air,low_cost,MENA,Asia,normal,0
3449.9,2.9,3.078,0.9,0.0628,809.83,0.936,sea,low_cost,MENA,Europe,normal,0
3813.6,2.92,2.772,2.6,0.3234,1903.07,3.179,rail,standard,Africa,Asia,high,1
4523.4,1.38,5.409,5.835,0.1929,4270.2,1.989,rail,low_cost,MENA,Europe,high,1
2890.5,1.68,1.221,2.937,0.0752,13122.42,5.158,road,standard,Europe,MENA,low,0
754.9,2.39,2.357,3.919,0.4815,2059.32,0.374,air,standard,MENA,MENA,normal,1
1662.5,1.41,0.214,1.758,0.3036,15023.39,5.001,air,low_cost,MENA,Africa,normal,1
482.0,2.46,4.593,3.799,0.0891,4919.19,5.283,road,low_cost,Asia,Asia,high,1
4265.3,4.17,0.767,0.859,0.1384,1618.56,6.598,road,low_cost,MENA,Africa,critical,0
3482.2,2.7,1.661,3.293,0.3401,16142.59,1.318,sea,low_cost,Africa,Asia,normal,1
5589.5,3.64,1.129,4.291,0.0603,4581.34,0.266,sea,low_cost,Asia,Africa,low,0
5410.1,7.38,1.699,5.975,0.1772,1350.24,4.411,sea,standard,MENA,Africa,high,1
4153.0,3.58,1.499,1.446,0.2259,12929.03,2.5,rail,low_cost,Africa,MENA,normal,0
951.1,1.0,5.193,2.464,0.4775,23041.44,1.985,sea,low_cost,MENA,Africa,normal,1
1562.2,1.0,1.748,3.981,0.3028,442.47,3.314,rail,low_cost,MENA,Europe,normal,1
1356.6,3.12,3.688,6.285,0.0711,6301.5,2.986,air,low_cost,Asia,MENA,normal,1
3880.6,3.83,5.549,5.647,0.1898,29868.29,2.225,air,standard,Africa,Africa,normal,1
3844.9,3.66,0.804,3.722,0.4172,5775.81,1.966,air,standard,Asia,Africa,critical,1
2170.4,1.74,2.524,3.496,0.0229,396.17,1.057,air,premium,Asia,MENA,normal,0
1861.5,1.21,0.678,1.485,0.0613,5654.27,4.955,road,premium,Africa,Europe,normal,0
6592.1,5.44,3.728,4.056,0.2705,3322.37,2.762,rail,low_cost,Asia,Europe,normal,1
1780.4,1.0,3.475,3.787,0.2869,527.32,3.399,air,standard,Asia,Europe,critical,1
6010.9,4.71,1.707,3.592,0.0914,7181.91,3.291,air,low_cost,MENA,Asia,critical,0
1978.5,3.17,1.583,1.525,0.165,63009.84,1.992,rail,low_cost,Asia,Africa,low,1
1172.4,1.89,1.707,1.997,0.1475,34571.78,2.31,rail,standard,Africa,Africa,normal,0
687.9,1.97,5.26,7.33,0.2003,9825.32,1.578,rail,low_cost,Asia,MENA,normal,1
1789.3,1.0,2.799,1.443,0.3682,4976.78,2.128,air,low_cost,Africa,Europe,high,1
5474.6,4.63,2.528,1.238,0.3956,1644.02,3.957,air,standard,MENA,Asia,low,1
5868.4,1.76,1.2,1.659,0.0642,3712.2,1.358,sea,low_cost,Asia,Asia,low,1
5488.2,1.19,2.855,5.032,0.3316,4958.95,2.121,sea,low_cost,Europe,Europe,normal,1
2497.0,2.36,5.157,5.587,0.1724,1505.77,1.919,road,premium,Africa,MENA,normal,0
4683.9,3.91,4.746,3.268,0.6078,2091.66,4.681,sea,low_cost,Africa,Asia,critical,1
1380.5,1.0,1.277,2.244,0.1452,3724.39,2.99,air,standard,Asia,Asia,normal,0
949.3,2.2,0.822,2.506,0.1917,1264.17,0.672,road,low_cost,Africa,Europe,normal,0
971.3,1.35,0.178,1.947,0.0933,99208.18,1.954,sea,standard,Europe,Africa,high,0
2195.7,1.0,3.247,7.018,0.2235,5772.69,1.938,rail,standard,Asia,Africa,low,1
5309.2,3.95,1.341,6.072,0.3812,3597.35,0.898,road,standard,Africa,Europe,critical,1
4937.8,3.27,2.363,4.207,0.1899,2331.69,3.548,air,standard,Europe,Europe,high,1
5970.3,4.74,2.834,1.585,0.2375,2784.26,2.071,rail,standard,Africa,MENA,normal,1
1324.7,2.2,4.452,3.735,0.2476,1188.8,6.959,road,low_cost,Asia,MENA,normal,1
1337.4,2.13,0.522,4.431,0.2274,4423.1,1.517,air,standard,Africa,Africa,normal,0
4280.7,1.0,0.629,4.444,0.2616,3720.14,3.054,road,premium,Asia,Africa,high,0
4250.9,3.1,2.265,3.471,0.1623,2634.23,4.799,road,standard,Asia,Africa,critical,1
3160.7,2.82,1.482,4.947,0.0596,2217.91,5.065,air,low_cost,MENA,Africa,normal,1
1510.3,1.49,7.079,3.914,0.481,4345.01,1.099,road,standard,Europe,MENA,normal,1
1168.4,2.68,5.352,0.988,0.1238,9819.35,2.347,road,standard,Africa,Asia,normal,1
5090.7,4.19,1.003,3.267,0.4927,4112.73,0.3,sea,low_cost,Africa,Asia,low,1
2383.9,1.0,4.876,0.916,0.1644,11390.51,6.405,sea,low_cost,Asia,Africa,normal,1
2363.1,2.7,3.737,1.239,0.4072,3795.51,2.05,sea,low_cost,Europe,Europe,normal,1
7600.8,3.67,5.592,0.606,0.1001,32365.19,3.469,air,low_cost,Asia,Africa,low,1
1949.9,1.0,2.015,1.315,0.2797,12708.95,2.538,air,low_cost,Asia,Europe,low,0
4357.5,2.99,1.508,0.823,0.2444,1698.4,1.751,road,low_cost,Asia,Europe,high,0
788.6,2.08,6.462,2.715,0.235,5074.35,4.423,sea,low_cost,Asia,Asia,normal,1
1928.7,2.03,5.069,4.927,0.316,16217.2,1.381,sea,low_cost,Asia,Asia,low,1
6614.2,5.12,2.901,4.502,0.1401,3855.03,2.725,road,standard,Africa,Africa,normal,1
1305.9,1.0,2.673,0.63,0.1907,2678.59,2.168,road,low_cost,Europe,Asia,normal,0
819.9,1.0,2.403,1.313,0.1255,6152.59,3.008,rail,standard,Africa,Europe,low,0
2688.0,2.8,4.414,1.659,0.078,1982.64,6.092,road,low_cost,Asia,Asia,low,1
580.7,1.0,4.786,7.537,0.5035,28008.69,2.793,road,low_cost,MENA,Europe,high,1
649.5,1.0,2.449,3.611,0.1277,5529.3,6.855,road,low_cost,Europe,MENA,high,1
1102.3,1.0,1.516,1.606,0.1087,4805.06,5.823,sea,low_cost,Asia,MENA,high,1
1127.8,2.19,2.339,3.537,0.319,354.1,1.021,sea,standard,Europe,MENA,high,1
2943.5,1.0,2.055,2.197,0.3865,1023.06,1.334,air,low_cost,MENA,Europe,high,1
2141.2,2.1,2.241,2.487,0.0979,2135.87,3.34,air,standard,Europe,MENA,normal,0
3619.9,2.2,4.929,4.903,0.4495,777.68,3.755,air,low_cost,MENA,Africa,normal,1
4805.5,2.35,2.874,1.18,0.2195,660.16,3.268,sea,standard,Africa,Europe,normal,1
961.7,1.0,1.173,1.618,0.323,756.57,3.77,air,low_cost,Europe,Asia,critical,0
6169.3,4.99,3.665,3.018,0.2906,14349.16,4.898,sea,standard,MENA,Africa,normal,1
3243.1,3.07,1.024,2.675,0.2566,9944.73,1.27,rail,standard,Africa,MENA,normal,0
4414.2,4.22,2.561,3.868,0.66,2640.93,2.754,road,premium,Africa,Europe,low,1
10659.9,6.83,2.367,2.007,0.0792,152.66,3.594,air,low_cost,Africa,Europe,normal,0
1691.5,1.7,3.209,4.192,0.494,9708.27,3.194,sea,premium,Europe,Europe,low,1
1392.3,1.0,0.6,0.415,0.4363,10763.43,4.998,rail,premium,Africa,Europe,normal,0
2607.8,1.23,7.035,7.141,0.5615,5103.67,3.295,sea,low_cost,MENA,Asia,normal,1
1940.7,4.09,2.759,2.195,0.2433,14698.15,2.938,sea,standard,Africa,Asia,high,1
2889.0,2.52,1.373,2.004,0.2958,1534.83,0.337,rail,premium,Africa,Asia,normal,0
3015.3,1.19,3.448,3.356,0.0325,4646.41,5.832,sea,low_cost,Africa,Asia,high,1
565.6,1.23,2.175,1.294,0.2622,30068.09,3.475,rail,low_cost,Africa,Asia,normal,1
762.6,1.0,2.227,3.963,0.2811,7837.64,2.586,road,low_cost,Asia,Asia,normal,1
809.4,1.04,2.22,3.205,0.3097,539.53,2.25,sea,low_cost,Asia,Europe,high,1
1794.9,1.0,2.544,5.151,0.5885,45712.89,2.833,sea,standard,MENA,Africa,normal,1
2324.9,1.73,5.742,7.006,0.304,11263.24,3.455,sea,standard,Europe,Asia,normal,0
4608.7,3.9,4.244,0.914,0.1375,5732.42,2.89,rail,low_cost,MENA,Asia,high,1
1799.7,5.37,2.213,2.55,0.2319,12856.53,1.706,sea,low_cost,Asia,Europe,normal,1
5211.5,4.77,3.633,4.841,0.2011,363.86,2.193,air,premium,Asia,Asia,low,1
181.4,1.0,2.362,5.866,0.1434,5230.43,3.77,air,low_cost,Asia,MENA,critical,1
3042.7,2.29,2.925,2.389,0.2672,6425.74,1.689,sea,low_cost,MENA,Asia,low,1
1055.2,1.0,1.642,4.435,0.1782,855.9,5.497,sea,low_cost,Africa,Africa,low,1
1561.2,3.67,1.799,2.187,0.1762,51786.14,5.274,air,standard,MENA,MENA,high,0
10636.9,7.81,2.83,3.707,0.1571,8352.54,0.465,road,low_cost,MENA,Africa,normal,1
1966.0,2.7,1.796,3.245,0.3305,7244.52,4.187,road,standard,Asia,MENA,normal,1
6740.5,5.18,2.003,0.783,0.0441,11951.87,1.774,air,premium,MENA,Asia,high,0
2785.6,1.45,2.4,3.259,0.3102,613.61,7.117,road,low_cost,Africa,Asia,low,1
4077.2,4.62,2.167,1.698,0.4932,19285.48,3.702,sea,low_cost,MENA,Asia,high,1
5377.5,3.74,2.446,0.855,0.3188,4358.26,3.016,sea,low_cost,Asia,Africa,normal,1
3520.9,3.62,2.012,4.69,0.1775,50974.78,5.635,road,standard,Europe,MENA,low,1
2104.4,2.1,1.048,3.34,0.2249,22624.8,1.64,sea,standard,Europe,Africa,normal,0
2136.0,1.0,1.512,5.343,0.1907,1546.16,6.198,air,standard,Europe,Europe,low,1
7834.8,5.39,2.984,2.516,0.0402,17515.29,4.66,air,low_cost,Asia,Europe,low,1
367.1,1.68,2.301,3.256,0.1666,565.14,3.408,air,standard,Europe,Asia,normal,0
5786.8,4.17,1.543,2.813,0.1933,7810.59,2.913,sea,low_cost,Asia,Europe,normal,1
459.6,1.0,0.796,3.323,0.0527,4216.4,3.386,road,standard,Africa,Africa,high,0
855.2,2.64,3.145,1.141,0.6385,15267.03,1.913,air,low_cost,Europe,MENA,normal,1
6093.3,5.4,3.997,1.186,0.2479,11501.84,3.624,air,low_cost,Europe,Africa,low,1
910.4,4.2,2.218,2.248,0.1248,7541.57,6.194,sea,low_cost,MENA,MENA,normal,1
787.5,1.0,2.447,1.03,0.4344,5940.64,1.531,sea,premium,Europe,Europe,high,1
5046.8,5.5,1.466,2.65,0.1803,10507.58,1.673,air,standard,Europe,Africa,normal,0
4175.7,2.27,3.929,1.809,0.4126,1949.77,3.053,sea,low_cost,Africa,Europe,normal,1
2065.5,3.52,3.105,0.939,0.4354,51479.16,2.875,air,standard,Africa,Africa,normal,1
1751.9,1.0,4.874,1.762,0.709,5203.86,0.839,sea,low_cost,Europe,Asia,normal,1
3084.2,2.95,1.175,4.809,0.3257,3048.92,4.82,road,low_cost,Asia,Asia,high,1
2446.7,1.17,1.659,3.296,0.3525,2664.53,4.796,sea,low_cost,Africa,Europe,normal,1
3755.1,2.52,6.066,3.39,0.1906,53865.1,4.552,rail,low_cost,MENA,Europe,normal,0
2334.6,1.28,1.307,6.364,0.2979,6151.75,5.068,sea,standard,Europe,MENA,normal,1
739.6,1.0,2.037,1.035,0.0635,2139.29,4.844,air,standard,Africa,Europe,normal,0
2757.8,2.64,4.046,7.259,0.2955,3725.56,1.879,road,low_cost,Africa,Africa,critical,1
2776.3,3.19,1.492,2.694,0.3685,1804.49,2.397,road,premium,Europe,Europe,low,1
3096.7,1.05,1.958,5.276,0.128,7791.16,1.138,air,standard,Europe,Africa,normal,0
1094.5,1.36,6.143,1.002,0.2238,630.52,4.835,air,standard,Africa,Africa,high,1
1491.9,1.31,4.023,6.801,0.2732,1901.32,0.846,sea,low_cost,MENA,Asia,high,1
3590.4,4.24,2.948,3.089,0.3436,12694.12,2.063,sea,low_cost,Africa,Asia,normal,0
3598.9,1.0,4.236,3.147,0.1116,6721.04,0.932,sea,standard,Europe,Europe,normal,0
753.5,2.28,1.764,1.066,0.064,9816.88,3.394,air,low_cost,Africa,Africa,critical,0
623.6,2.38,0.73,2.534,0.0567,3155.59,4.232,air,low_cost,Europe,Europe,normal,0
5110.8,2.73,2.197,2.667,0.408,17946.08,2.639,road,premium,MENA,Africa,normal,1
2857.8,2.38,0.378,3.105,0.1765,12952.96,3.56,air,low_cost,Asia,Asia,normal,0
2901.0,3.09,7.333,2.911,0.0813,6813.57,1.57,sea,standard,Africa,MENA,low,1
1430.1,1.62,3.557,5.082,0.3455,700.1,5.78,sea,low_cost,MENA,MENA,low,1
6578.7,4.12,4.07,2.395,0.3142,1796.89,1.606,air,low_cost,Asia,Asia,normal,1
1002.1,1.0,2.43,4.939,0.0759,2847.69,7.098,air,standard,MENA,MENA,high,1
1423.8,1.0,2.641,0.866,0.2246,1459.48,2.06,sea,low_cost,Asia,Europe,normal,1
972.4,1.0,2.307,1.877,0.1395,29928.97,1.609,road,standard,Asia,Europe,high,0
3624.3,2.95,4.763,3.204,0.1495,13379.1,3.449,road,standard,MENA,Asia,low,1
3260.0,3.1,2.187,1.83,0.2398,4178.83,4.914,air,standard,MENA,MENA,normal,0
198.1,1.84,4.858,1.943,0.1741,1185.46,1.85,sea,low_cost,Africa,MENA,critical,1
1629.7,3.29,0.481,4.114,0.3128,6520.27,2.182,sea,low_cost,MENA,Europe,low,1
1949.1,1.0,2.447,6.477,0.217,36589.41,6.521,air,low_cost,Africa,Africa,normal,1
3641.5,2.35,3.834,2.811,0.2294,5023.47,3.663,sea,premium,MENA,Europe,normal,1
2824.9,2.71,3.626,2.298,0.4756,2278.0,2.833,air,premium,MENA,Asia,low,1
6055.4,5.48,1.524,4.327,0.2956,8536.88,0.696,road,premium,MENA,MENA,normal,0
4740.6,4.5,0.938,1.149,0.2616,3532.36,3.441,road,low_cost,Europe,Europe,normal,0
833.9,2.41,5.448,6.518,0.2776,80617.18,1.381,air,low_cost,Africa,Asia,high,1
4321.1,3.14,2.039,1.105,0.2718,8683.05,1.975,sea,premium,Europe,Europe,high,0
4336.9,3.54,0.46,2.776,0.1878,8702.2,2.366,air,low_cost,Asia,Asia,normal,0
489.4,1.0,0.359,2.663,0.5053,5983.22,3.393,air,premium,Asia,Europe,normal,1
